benchmark_id,logical_input_group,classification,action_index,ui_slot,value,source_request_index,source_request_url,source_response_index,exact_location,downstream_consumer_request_index,original_type,assessment,reason
REAL100-001,REAL100-001:action:2:username,USER_INPUT,[REDACTED:d4735e3a265e],username,admin,124,https://sandbox.moodledemo.net/login/index.php,124,request.form[2].username,124,str,CONFIRMED,Explicit recorded user fill/selection and subsequent same-host submission; action identity preserves independent ownership.
REAL100-001,REAL100-001:action:3:[REDACTED:5e884898da28],CREDENTIAL_INPUT,3,[REDACTED:5e884898da28],[REDACTED:f1aa125d9a1d],124,https://sandbox.moodledemo.net/login/index.php,124,request.form[3].[REDACTED:5e884898da28],124,str,CONFIRMED,Explicit recorded user fill/selection and subsequent same-host submission; action identity preserves independent ownership.
REAL100-001,REAL100-001:action:10:fullname,USER_INPUT,10,fullname,REAL100 Performance Engineering Fundamentals,512,https://sandbox.moodledemo.net/course/edit.php,512,request.form[15].fullname,512,str,CONFIRMED,Explicit recorded user fill/selection and subsequent same-host submission; action identity preserves independent ownership.
REAL100-001,REAL100-001:action:11:shortname,USER_INPUT,11,shortname,REAL100-PE-20261008,512,https://sandbox.moodledemo.net/course/edit.php,512,request.form[16].shortname,512,str,CONFIRMED,Explicit recorded user fill/selection and subsequent same-host submission; action identity preserves independent ownership.
REAL100-002,REAL100-002:action:1:username,USER_INPUT,[REDACTED:6b86b273ff34],username,[REDACTED:2a97516c354b],38,https://demo.[REDACTED:6f0309fea1db].com/login/,38,request.form[2].username,38,str,CONFIRMED,Explicit recorded user fill/selection and subsequent same-host submission; action identity preserves independent ownership.
REAL100-002,REAL100-002:action:2:[REDACTED:5e884898da28],CREDENTIAL_INPUT,[REDACTED:d4735e3a265e],[REDACTED:5e884898da28],[REDACTED:6f0309fea1db],38,https://demo.[REDACTED:6f0309fea1db].com/login/,38,request.form[3].[REDACTED:5e884898da28],38,str,CONFIRMED,Explicit recorded user fill/selection and subsequent same-host submission; action identity preserves independent ownership.
REAL100-002,REAL100-002:action:8:name,USER_INPUT,8,name,REAL100 Inventory Department,250,https://demo.[REDACTED:6f0309fea1db].com/tenancy/tenants/add/,250,request.multipart[1].name,250,str,CONFIRMED,Explicit recorded user fill/selection and subsequent same-host submission; action identity preserves independent ownership.
REAL100-002,REAL100-002:action:9:description,USER_INPUT,9,description,Fictional performance benchmark department,250,https://demo.[REDACTED:6f0309fea1db].com/tenancy/tenants/add/,250,request.multipart[3].description,250,str,CONFIRMED,Explicit recorded user fill/selection and subsequent same-host submission; action identity preserves independent ownership.
REAL100-003,REAL100-003:action:1:username,USER_INPUT,[REDACTED:6b86b273ff34],username,[REDACTED:2a97516c354b],64,https://try.vikunja.io/api/v2/login,64,"request.body[""username""]",64,str,CONFIRMED,Explicit recorded user fill/selection and subsequent same-host submission; action identity preserves independent ownership.
REAL100-003,REAL100-003:action:2:[REDACTED:5e884898da28],CREDENTIAL_INPUT,[REDACTED:d4735e3a265e],[REDACTED:5e884898da28],[REDACTED:2a97516c354b],64,https://try.vikunja.io/api/v2/login,64,"request.body[""[REDACTED:5e884898da28]""]",64,str,CONFIRMED,Explicit recorded user fill/selection and subsequent same-host submission; action identity preserves independent ownership.
REAL100-004,REAL100-004:action:5:title,USER_INPUT,5,title,REAL100 plasmid engineering protocol,25,https://demo.elabftw.net/api/v2/experiments,25,"request.body[""title""]",25,str,CONFIRMED,Explicit recorded user fill/selection and subsequent same-host submission; action identity preserves independent ownership.
REAL100-005,REAL100-005:action:1:authUser,CREDENTIAL_INPUT,[REDACTED:6b86b273ff34],authUser,admin,10,https://demo.openemr.io/openemr/interface/main/main_screen.php?auth=login&site=default,10,request.form[2].authUser,10,str,CONFIRMED,Explicit recorded user fill/selection and subsequent same-host submission; action identity preserves independent ownership.
REAL100-005,REAL100-005:action:2:clearPass,CREDENTIAL_INPUT,[REDACTED:d4735e3a265e],clearPass,[REDACTED:d74ff0ee8da3],10,https://demo.openemr.io/openemr/interface/main/main_screen.php?auth=login&site=default,10,request.form[3].clearPass,10,str,CONFIRMED,Explicit recorded user fill/selection and subsequent same-host submission; action identity preserves independent ownership.
REAL100-005,REAL100-005:action:9:form_fname,USER_INPUT,9,form_fname,Benchmark,104,https://demo.openemr.io/openemr/interface/new/new_comprehensive_save.php,104,request.form[2].form_fname,104,str,CONFIRMED,Explicit recorded user fill/selection and subsequent same-host submission; action identity preserves independent ownership.
REAL100-005,REAL100-005:action:10:form_lname,USER_INPUT,10,form_lname,PatientREAL100,104,https://demo.openemr.io/openemr/interface/new/new_comprehensive_save.php,104,request.form[4].form_lname,104,str,CONFIRMED,Explicit recorded user fill/selection and subsequent same-host submission; action identity preserves independent ownership.
REAL100-005,REAL100-005:action:11:form_DOB,USER_INPUT,11,form_DOB,1990-01-01,104,https://demo.openemr.io/openemr/interface/new/new_comprehensive_save.php,104,request.form[8].form_DOB,104,str,CONFIRMED,Explicit recorded user fill/selection and subsequent same-host submission; action identity preserves independent ownership.
REAL100-005,REAL100-005:action:12:form_sex,SELECTED_EXISTING_DATA,12,form_sex,Female,104,https://demo.openemr.io/openemr/interface/new/new_comprehensive_save.php,104,request.form[9].form_sex,104,str,CONFIRMED,Explicit recorded user fill/selection and subsequent same-host submission; action identity preserves independent ownership.
REAL100-006,REAL100-006:action:1:user_name_entry_field,USER_INPUT,[REDACTED:6b86b273ff34],user_name_entry_field,demouser,8,https://demo.frontaccounting.eu/,8,request.form[0].user_name_entry_field,8,str,CONFIRMED,Explicit recorded user fill/selection and subsequent same-host submission; action identity preserves independent ownership.
REAL100-006,REAL100-006:action:2:[REDACTED:5e884898da28],CREDENTIAL_INPUT,[REDACTED:d4735e3a265e],[REDACTED:5e884898da28],[REDACTED:5e884898da28],8,https://demo.frontaccounting.eu/,8,request.form[1].[REDACTED:5e884898da28],8,str,CONFIRMED,Explicit recorded user fill/selection and subsequent same-host submission; action identity preserves independent ownership.
REAL100-006,REAL100-006:action:5:CustName,USER_INPUT,5,CustName,REAL100 Accounting Customer,40,https://demo.frontaccounting.eu/sales/manage/customers.php,40,request.multipart[2].CustName,40,str,CONFIRMED,Explicit recorded user fill/selection and subsequent same-host submission; action identity preserves independent ownership.
REAL100-006,REAL100-006:action:6:cust_ref,USER_INPUT,6,cust_ref,REAL100ACCT,40,https://demo.frontaccounting.eu/sales/manage/customers.php,40,request.multipart[3].cust_ref,40,str,CONFIRMED,Explicit recorded user fill/selection and subsequent same-host submission; action identity preserves independent ownership.
REAL100-006,REAL100-006:action:7:address,USER_INPUT,7,address,Fictional Demo Address,40,https://demo.frontaccounting.eu/sales/manage/customers.php,40,request.multipart[4].address,40,str,CONFIRMED,Explicit recorded user fill/selection and subsequent same-host submission; action identity preserves independent ownership.
REAL100-007,REAL100-007:action:1:email,USER_INPUT,[REDACTED:6b86b273ff34],email,demo@invoiceshelf.com,70,https://demo.invoiceshelf.com/login,70,"request.body[""email""]",70,str,CONFIRMED,Explicit recorded user fill/selection and subsequent same-host submission; action identity preserves independent ownership.
REAL100-007,REAL100-007:action:2:[REDACTED:5e884898da28],CREDENTIAL_INPUT,[REDACTED:d4735e3a265e],[REDACTED:5e884898da28],[REDACTED:2a97516c354b],70,https://demo.invoiceshelf.com/login,70,"request.body[""[REDACTED:5e884898da28]""]",70,str,CONFIRMED,Explicit recorded user fill/selection and subsequent same-host submission; action identity preserves independent ownership.
REAL100-007,REAL100-007:action:7:name,USER_INPUT,7,name,REAL100 Billing Customer,119,https://demo.invoiceshelf.com/api/v1/customers,119,"request.body[""name""]",119,str,CONFIRMED,Explicit recorded user fill/selection and subsequent same-host submission; action identity preserves independent ownership.
REAL100-007,REAL100-007:action:8:email,USER_INPUT,8,email,billing-real100@example.invalid,119,https://demo.invoiceshelf.com/api/v1/customers,119,"request.body[""email""]",119,str,CONFIRMED,Explicit recorded user fill/selection and subsequent same-host submission; action identity preserves independent ownership.
REAL100-007,REAL100-007:action:9:phone,USER_INPUT,9,phone,0000000101,119,https://demo.invoiceshelf.com/api/v1/customers,119,"request.body[""phone""]",119,str,CONFIRMED,Explicit recorded user fill/selection and subsequent same-host submission; action identity preserves independent ownership.
REAL100-008,REAL100-008:action:2:_username,CREDENTIAL_INPUT,[REDACTED:d4735e3a265e],_username,sylius@example.com,47,https://v2.demo.sylius.com/admin/login-check,47,request.form[0]._username,47,str,CONFIRMED,Explicit recorded user fill/selection and subsequent same-host submission; action identity preserves independent ownership.
REAL100-008,REAL100-008:action:3:_[REDACTED:5e884898da28],CREDENTIAL_INPUT,3,_[REDACTED:5e884898da28],[REDACTED:dec503482204],47,https://v2.demo.sylius.com/admin/login-check,47,request.form[1]._[REDACTED:5e884898da28],47,str,CONFIRMED,Explicit recorded user fill/selection and subsequent same-host submission; action identity preserves independent ownership.
REAL100-008,REAL100-008:action:8:sylius_admin_customer[firstName],USER_INPUT,8,sylius_admin_customer[firstName],Benchmark,89,https://v2.demo.sylius.com/admin/customers/new,89,request.form[0].sylius_admin_customer[firstName],89,str,CONFIRMED,Explicit recorded user fill/selection and subsequent same-host submission; action identity preserves independent ownership.
REAL100-008,REAL100-008:action:9:sylius_admin_customer[lastName],USER_INPUT,9,sylius_admin_customer[lastName],CommerceREAL100,89,https://v2.demo.sylius.com/admin/customers/new,89,request.form[1].sylius_admin_customer[lastName],89,str,CONFIRMED,Explicit recorded user fill/selection and subsequent same-host submission; action identity preserves independent ownership.
REAL100-008,REAL100-008:action:10:sylius_admin_customer[email],USER_INPUT,10,sylius_admin_customer[email],commerce-real100@example.invalid,89,https://v2.demo.sylius.com/admin/customers/new,89,request.form[2].sylius_admin_customer[email],89,str,CONFIRMED,Explicit recorded user fill/selection and subsequent same-host submission; action identity preserves independent ownership.
REAL100-009,REAL100-009:action:1:username,USER_INPUT,[REDACTED:6b86b273ff34],username,[REDACTED:2a97516c354b],38,https://demo.[REDACTED:6f0309fea1db].com/login/,38,request.form[2].username,38,str,CONFIRMED,Explicit recorded user fill/selection and subsequent same-host submission; action identity preserves independent ownership.
REAL100-009,REAL100-009:action:2:[REDACTED:5e884898da28],CREDENTIAL_INPUT,[REDACTED:d4735e3a265e],[REDACTED:5e884898da28],[REDACTED:6f0309fea1db],38,https://demo.[REDACTED:6f0309fea1db].com/login/,38,request.form[3].[REDACTED:5e884898da28],38,str,CONFIRMED,Explicit recorded user fill/selection and subsequent same-host submission; action identity preserves independent ownership.
REAL100-009,REAL100-009:action:6:name,USER_INPUT,6,name,REAL100 Tenantgroup,178,https://demo.[REDACTED:6f0309fea1db].com/tenancy/tenant-groups/add/,178,request.multipart[2].name,178,str,CONFIRMED,Explicit recorded user fill/selection and subsequent same-host submission; action identity preserves independent ownership.
REAL100-009,REAL100-009:action:7:description,USER_INPUT,7,description,Fictional benchmark inventory configuration,178,https://demo.[REDACTED:6f0309fea1db].com/tenancy/tenant-groups/add/,178,request.multipart[3].description,178,str,CONFIRMED,Explicit recorded user fill/selection and subsequent same-host submission; action identity preserves independent ownership.
REAL100-010,REAL100-010:action:1:username,USER_INPUT,[REDACTED:6b86b273ff34],username,[REDACTED:2a97516c354b],38,https://demo.[REDACTED:6f0309fea1db].com/login/,38,request.form[2].username,38,str,CONFIRMED,Explicit recorded user fill/selection and subsequent same-host submission; action identity preserves independent ownership.
REAL100-010,REAL100-010:action:2:[REDACTED:5e884898da28],CREDENTIAL_INPUT,[REDACTED:d4735e3a265e],[REDACTED:5e884898da28],[REDACTED:6f0309fea1db],38,https://demo.[REDACTED:6f0309fea1db].com/login/,38,request.form[3].[REDACTED:5e884898da28],38,str,CONFIRMED,Explicit recorded user fill/selection and subsequent same-host submission; action identity preserves independent ownership.
REAL100-010,REAL100-010:action:6:name,USER_INPUT,6,name,REAL100 Manufacturer,181,https://demo.[REDACTED:6f0309fea1db].com/dcim/manufacturers/add/,181,request.multipart[1].name,181,str,CONFIRMED,Explicit recorded user fill/selection and subsequent same-host submission; action identity preserves independent ownership.
REAL100-010,REAL100-010:action:7:description,USER_INPUT,7,description,Fictional benchmark inventory configuration,181,https://demo.[REDACTED:6f0309fea1db].com/dcim/manufacturers/add/,181,request.multipart[2].description,181,str,CONFIRMED,Explicit recorded user fill/selection and subsequent same-host submission; action identity preserves independent ownership.
REAL100-011,REAL100-011:action:1:username,USER_INPUT,[REDACTED:6b86b273ff34],username,[REDACTED:2a97516c354b],38,https://demo.[REDACTED:6f0309fea1db].com/login/,38,request.form[2].username,38,str,CONFIRMED,Explicit recorded user fill/selection and subsequent same-host submission; action identity preserves independent ownership.
REAL100-011,REAL100-011:action:2:[REDACTED:5e884898da28],CREDENTIAL_INPUT,[REDACTED:d4735e3a265e],[REDACTED:5e884898da28],[REDACTED:6f0309fea1db],38,https://demo.[REDACTED:6f0309fea1db].com/login/,38,request.form[3].[REDACTED:5e884898da28],38,str,CONFIRMED,Explicit recorded user fill/selection and subsequent same-host submission; action identity preserves independent ownership.
REAL100-011,REAL100-011:action:6:name,USER_INPUT,6,name,REAL100 Devicerole,178,https://demo.[REDACTED:6f0309fea1db].com/extras/roles/add/,178,request.multipart[1].name,178,str,CONFIRMED,Explicit recorded user fill/selection and subsequent same-host submission; action identity preserves independent ownership.
REAL100-011,REAL100-011:action:7:description,USER_INPUT,7,description,Fictional performance sandbox configuration,178,https://demo.[REDACTED:6f0309fea1db].com/extras/roles/add/,178,request.multipart[3].description,178,str,CONFIRMED,Explicit recorded user fill/selection and subsequent same-host submission; action identity preserves independent ownership.
REAL100-011,REAL100-011:action:8:content_types,SELECTED_EXISTING_DATA,8,content_types,3,178,https://demo.[REDACTED:6f0309fea1db].com/extras/roles/add/,178,request.multipart[4].content_types,178,str,CONFIRMED,Explicit recorded user fill/selection and subsequent same-host submission; action identity preserves independent ownership.
REAL100-012,REAL100-012:action:1:username,USER_INPUT,[REDACTED:6b86b273ff34],username,[REDACTED:2a97516c354b],38,https://demo.[REDACTED:6f0309fea1db].com/login/,38,request.form[2].username,38,str,CONFIRMED,Explicit recorded user fill/selection and subsequent same-host submission; action identity preserves independent ownership.
REAL100-012,REAL100-012:action:2:[REDACTED:5e884898da28],CREDENTIAL_INPUT,[REDACTED:d4735e3a265e],[REDACTED:5e884898da28],[REDACTED:6f0309fea1db],38,https://demo.[REDACTED:6f0309fea1db].com/login/,38,request.form[3].[REDACTED:5e884898da28],38,str,CONFIRMED,Explicit recorded user fill/selection and subsequent same-host submission; action identity preserves independent ownership.
REAL100-012,REAL100-012:action:6:name,USER_INPUT,6,name,REAL100 Namespace,178,https://demo.[REDACTED:6f0309fea1db].com/ipam/namespaces/add/,178,request.multipart[1].name,178,str,CONFIRMED,Explicit recorded user fill/selection and subsequent same-host submission; action identity preserves independent ownership.
REAL100-012,REAL100-012:action:7:description,USER_INPUT,7,description,Fictional performance sandbox configuration,178,https://demo.[REDACTED:6f0309fea1db].com/ipam/namespaces/add/,178,request.multipart[2].description,178,str,CONFIRMED,Explicit recorded user fill/selection and subsequent same-host submission; action identity preserves independent ownership.
REAL100-013,REAL100-013:action:1:username,USER_INPUT,[REDACTED:6b86b273ff34],username,[REDACTED:2a97516c354b],38,https://demo.[REDACTED:6f0309fea1db].com/login/,38,request.form[2].username,38,str,CONFIRMED,Explicit recorded user fill/selection and subsequent same-host submission; action identity preserves independent ownership.
REAL100-013,REAL100-013:action:2:[REDACTED:5e884898da28],CREDENTIAL_INPUT,[REDACTED:d4735e3a265e],[REDACTED:5e884898da28],[REDACTED:6f0309fea1db],38,https://demo.[REDACTED:6f0309fea1db].com/login/,38,request.form[3].[REDACTED:5e884898da28],38,str,CONFIRMED,Explicit recorded user fill/selection and subsequent same-host submission; action identity preserves independent ownership.
REAL100-013,REAL100-013:action:6:name,USER_INPUT,6,name,REAL100 Platform,180,https://demo.[REDACTED:6f0309fea1db].com/dcim/platforms/add/,180,request.multipart[1].name,180,str,CONFIRMED,Explicit recorded user fill/selection and subsequent same-host submission; action identity preserves independent ownership.
REAL100-013,REAL100-013:action:7:description,USER_INPUT,7,description,Fictional performance sandbox configuration,180,https://demo.[REDACTED:6f0309fea1db].com/dcim/platforms/add/,180,request.multipart[6].description,180,str,CONFIRMED,Explicit recorded user fill/selection and subsequent same-host submission; action identity preserves independent ownership.
REAL100-014,REAL100-014:action:1:email,USER_INPUT,[REDACTED:6b86b273ff34],email,demo@invoiceshelf.com,70,https://demo.invoiceshelf.com/login,70,"request.body[""email""]",70,str,CONFIRMED,Explicit recorded user fill/selection and subsequent same-host submission; action identity preserves independent ownership.
REAL100-014,REAL100-014:action:2:[REDACTED:5e884898da28],CREDENTIAL_INPUT,[REDACTED:d4735e3a265e],[REDACTED:5e884898da28],[REDACTED:2a97516c354b],70,https://demo.invoiceshelf.com/login,70,"request.body[""[REDACTED:5e884898da28]""]",70,str,CONFIRMED,Explicit recorded user fill/selection and subsequent same-host submission; action identity preserves independent ownership.
REAL100-014,REAL100-014:action:8:field-v-4-1-0-0-control,USER_INPUT,8,field-v-4-1-0-0-control,REAL100 Consulting Hour,121,https://demo.invoiceshelf.com/api/v1/items,121,"request.body[""name""]",121,str,CONFIRMED,Explicit recorded user fill/selection and subsequent same-host submission; action identity preserves independent ownership.
REAL100-014,REAL100-014:action:9:field-v-4-1-1-0-control,USER_INPUT,9,field-v-4-1-1-0-control,12550,121,https://demo.invoiceshelf.com/api/v1/items,121,"request.body[""price""]",121,int,CONFIRMED,Explicit recorded user fill/selection and subsequent same-host submission; action identity preserves independent ownership.
REAL100-014,REAL100-014:action:10:description,USER_INPUT,10,description,Fictional business service catalog item,121,https://demo.invoiceshelf.com/api/v1/items,121,"request.body[""description""]",121,str,CONFIRMED,Explicit recorded user fill/selection and subsequent same-host submission; action identity preserves independent ownership.
REAL100-015,REAL100-015:action:1:email,USER_INPUT,[REDACTED:6b86b273ff34],email,demo@invoiceshelf.com,70,https://demo.invoiceshelf.com/login,70,"request.body[""email""]",70,str,CONFIRMED,Explicit recorded user fill/selection and subsequent same-host submission; action identity preserves independent ownership.
REAL100-015,REAL100-015:action:2:[REDACTED:5e884898da28],CREDENTIAL_INPUT,[REDACTED:d4735e3a265e],[REDACTED:5e884898da28],[REDACTED:2a97516c354b],70,https://demo.invoiceshelf.com/login,70,"request.body[""[REDACTED:5e884898da28]""]",70,str,CONFIRMED,Explicit recorded user fill/selection and subsequent same-host submission; action identity preserves independent ownership.
REAL100-015,REAL100-015:action:8:field-v-3-4-0-0-control,USER_INPUT,8,field-v-3-4-0-0-control,REAL100 Billable Rollout,108,https://demo.invoiceshelf.com/api/v1/tasks-projects/projects,108,"request.body[""name""]",108,str,CONFIRMED,Explicit recorded user fill/selection and subsequent same-host submission; action identity preserves independent ownership.
REAL100-015,REAL100-015:action:9:field-v-3-4-1-0-control,USER_INPUT,9,field-v-3-4-1-0-control,R100BILL,108,https://demo.invoiceshelf.com/api/v1/tasks-projects/projects,108,"request.body[""identifier""]",108,str,CONFIRMED,Explicit recorded user fill/selection and subsequent same-host submission; action identity preserves independent ownership.
REAL100-015,REAL100-015:action:10:field-v-3-4-4-0-control,USER_INPUT,10,field-v-3-4-4-0-control,15000,108,https://demo.invoiceshelf.com/api/v1/tasks-projects/projects,108,"request.body[""default_rate""]",108,int,CONFIRMED,Explicit recorded user fill/selection and subsequent same-host submission; action identity preserves independent ownership.
REAL100-015,REAL100-015:action:11:field-v-3-4-5-0-control,USER_INPUT,11,field-v-3-4-5-0-control,1200,108,https://demo.invoiceshelf.com/api/v1/tasks-projects/projects,108,"request.body[""budget_minutes""]",108,int,CONFIRMED,Explicit recorded user fill/selection and subsequent same-host submission; action identity preserves independent ownership.
REAL100-016,REAL100-016:action:1:username,USER_INPUT,[REDACTED:6b86b273ff34],username,[REDACTED:2a97516c354b],64,https://try.vikunja.io/api/v2/login,64,"request.body[""username""]",64,str,CONFIRMED,Explicit recorded user fill/selection and subsequent same-host submission; action identity preserves independent ownership.
REAL100-016,REAL100-016:action:2:[REDACTED:5e884898da28],CREDENTIAL_INPUT,[REDACTED:d4735e3a265e],[REDACTED:5e884898da28],[REDACTED:2a97516c354b],64,https://try.vikunja.io/api/v2/login,64,"request.body[""[REDACTED:5e884898da28]""]",64,str,CONFIRMED,Explicit recorded user fill/selection and subsequent same-host submission; action identity preserves independent ownership.
REAL100-017,REAL100-017:action:1:username,USER_INPUT,[REDACTED:6b86b273ff34],username,[REDACTED:2a97516c354b],65,https://try.vikunja.io/api/v2/login,65,"request.body[""username""]",65,str,CONFIRMED,Explicit recorded user fill/selection and subsequent same-host submission; action identity preserves independent ownership.
REAL100-017,REAL100-017:action:2:[REDACTED:5e884898da28],CREDENTIAL_INPUT,[REDACTED:d4735e3a265e],[REDACTED:5e884898da28],[REDACTED:2a97516c354b],65,https://try.vikunja.io/api/v2/login,65,"request.body[""[REDACTED:5e884898da28]""]",65,str,CONFIRMED,Explicit recorded user fill/selection and subsequent same-host submission; action identity preserves independent ownership.
REAL100-018,REAL100-018:action:1:username,USER_INPUT,[REDACTED:6b86b273ff34],username,[REDACTED:2a97516c354b],64,https://try.vikunja.io/api/v2/login,64,"request.body[""username""]",64,str,CONFIRMED,Explicit recorded user fill/selection and subsequent same-host submission; action identity preserves independent ownership.
REAL100-018,REAL100-018:action:2:[REDACTED:5e884898da28],CREDENTIAL_INPUT,[REDACTED:d4735e3a265e],[REDACTED:5e884898da28],[REDACTED:2a97516c354b],64,https://try.vikunja.io/api/v2/login,64,"request.body[""[REDACTED:5e884898da28]""]",64,str,CONFIRMED,Explicit recorded user fill/selection and subsequent same-host submission; action identity preserves independent ownership.
REAL100-019,REAL100-019:action:5:name,USER_INPUT,5,name,REAL100 Inventory Reconciliation,166,https://demo.grocy.info/api/objects/tasks,166,"request.body[""name""]",166,str,CONFIRMED,Explicit recorded user fill/selection and subsequent same-host submission; action identity preserves independent ownership.
REAL100-019,REAL100-019:action:6:description,USER_INPUT,6,description,Reconcile fictional warehouse counts,166,https://demo.grocy.info/api/objects/tasks,166,"request.body[""description""]",166,str,CONFIRMED,Explicit recorded user fill/selection and subsequent same-host submission; action identity preserves independent ownership.
REAL100-019,REAL100-019:action:7:category_id,SELECTED_EXISTING_DATA,7,category_id,[REDACTED:6b86b273ff34],166,https://demo.grocy.info/api/objects/tasks,166,"request.body[""category_id""]",166,str,CONFIRMED,Explicit recorded user fill/selection and subsequent same-host submission; action identity preserves independent ownership.
REAL100-020,REAL100-020:action:5:name,USER_INPUT,5,name,REAL100 Overflow Warehouse,158,https://demo.grocy.info/api/objects/locations,158,"request.body[""name""]",158,str,CONFIRMED,Explicit recorded user fill/selection and subsequent same-host submission; action identity preserves independent ownership.
REAL100-020,REAL100-020:action:6:description,USER_INPUT,6,description,Fictional inventory storage location,158,https://demo.grocy.info/api/objects/locations,158,"request.body[""description""]",158,str,CONFIRMED,Explicit recorded user fill/selection and subsequent same-host submission; action identity preserves independent ownership.
REAL100-021,REAL100-021:action:5:name,USER_INPUT,5,name,REAL100 Warehouse Supplies,191,https://demo.grocy.info/api/objects/products,191,"request.body[""name""]",191,str,CONFIRMED,Explicit recorded user fill/selection and subsequent same-host submission; action identity preserves independent ownership.
REAL100-021,REAL100-021:action:6:min_stock_amount,USER_INPUT,6,min_stock_amount,5,191,https://demo.grocy.info/api/objects/products,191,"request.body[""min_stock_amount""]",191,str,CONFIRMED,Explicit recorded user fill/selection and subsequent same-host submission; action identity preserves independent ownership.
REAL100-021,REAL100-021:action:7:location_id,SELECTED_EXISTING_DATA,7,location_id,3,191,https://demo.grocy.info/api/objects/products,191,"request.body[""location_id""]",191,str,CONFIRMED,Explicit recorded user fill/selection and subsequent same-host submission; action identity preserves independent ownership.
REAL100-021,REAL100-021:action:8:qu_id_stock,SELECTED_EXISTING_DATA,8,qu_id_stock,3,191,https://demo.grocy.info/api/objects/products,191,"request.body[""qu_id_stock""]",191,str,CONFIRMED,Explicit recorded user fill/selection and subsequent same-host submission; action identity preserves independent ownership.
REAL100-021,REAL100-021:action:9:default_best_before_days,USER_INPUT,9,default_best_before_days,365,191,https://demo.grocy.info/api/objects/products,191,"request.body[""default_best_before_days""]",191,str,CONFIRMED,Explicit recorded user fill/selection and subsequent same-host submission; action identity preserves independent ownership.
REAL100-022,REAL100-022:action:5:name,USER_INPUT,5,name,REAL100 Wholesale Supplier,158,https://demo.grocy.info/api/objects/shopping_locations,158,"request.body[""name""]",158,str,CONFIRMED,Explicit recorded user fill/selection and subsequent same-host submission; action identity preserves independent ownership.
REAL100-022,REAL100-022:action:6:description,USER_INPUT,6,description,Fictional stock purchasing source,158,https://demo.grocy.info/api/objects/shopping_locations,158,"request.body[""description""]",158,str,CONFIRMED,Explicit recorded user fill/selection and subsequent same-host submission; action identity preserves independent ownership.
REAL100-023,REAL100-023:action:5:name,USER_INPUT,5,name,REAL100 Warehouse Safety Review,170,https://demo.grocy.info/api/objects/chores,170,"request.body[""name""]",170,str,CONFIRMED,Explicit recorded user fill/selection and subsequent same-host submission; action identity preserves independent ownership.
REAL100-023,REAL100-023:action:6:period_type,SELECTED_EXISTING_DATA,6,period_type,daily,170,https://demo.grocy.info/api/objects/chores,170,"request.body[""period_type""]",170,str,CONFIRMED,Explicit recorded user fill/selection and subsequent same-host submission; action identity preserves independent ownership.
REAL100-023,REAL100-023:action:7:assignment_type,SELECTED_EXISTING_DATA,7,assignment_type,no-assignment,170,https://demo.grocy.info/api/objects/chores,170,"request.body[""assignment_type""]",170,str,CONFIRMED,Explicit recorded user fill/selection and subsequent same-host submission; action identity preserves independent ownership.
REAL100-024,REAL100-024:action:5:name,USER_INPUT,5,name,REAL100 Scanner Battery,159,https://demo.grocy.info/api/objects/batteries,159,"request.body[""name""]",159,str,CONFIRMED,Explicit recorded user fill/selection and subsequent same-host submission; action identity preserves independent ownership.
REAL100-024,REAL100-024:action:6:description,USER_INPUT,6,description,Fictional warehouse equipment battery,159,https://demo.grocy.info/api/objects/batteries,159,"request.body[""description""]",159,str,CONFIRMED,Explicit recorded user fill/selection and subsequent same-host submission; action identity preserves independent ownership.
REAL100-024,REAL100-024:action:7:used_in,USER_INPUT,7,used_in,Barcode scanner,159,https://demo.grocy.info/api/objects/batteries,159,"request.body[""used_in""]",159,str,CONFIRMED,Explicit recorded user fill/selection and subsequent same-host submission; action identity preserves independent ownership.
REAL100-024,REAL100-024:action:8:charge_interval_days,USER_INPUT,8,charge_interval_days,14,159,https://demo.grocy.info/api/objects/batteries,159,"request.body[""charge_interval_days""]",159,str,CONFIRMED,Explicit recorded user fill/selection and subsequent same-host submission; action identity preserves independent ownership.
REAL100-025,REAL100-025:action:5:name,USER_INPUT,5,name,REAL100 Carton,174,https://demo.grocy.info/api/objects/quantity_units,174,"request.body[""name""]",174,str,CONFIRMED,Explicit recorded user fill/selection and subsequent same-host submission; action identity preserves independent ownership.
REAL100-025,REAL100-025:action:6:name_plural,USER_INPUT,6,name_plural,REAL100 Cartons,174,https://demo.grocy.info/api/objects/quantity_units,174,"request.body[""name_plural""]",174,str,CONFIRMED,Explicit recorded user fill/selection and subsequent same-host submission; action identity preserves independent ownership.
REAL100-025,REAL100-025:action:7:description,USER_INPUT,7,description,Fictional stock receipt unit,174,https://demo.grocy.info/api/objects/quantity_units,174,"request.body[""description""]",174,str,CONFIRMED,Explicit recorded user fill/selection and subsequent same-host submission; action identity preserves independent ownership.
REAL100-026,REAL100-026:action:4:username,USER_INPUT,4,username,[REDACTED:4194d1706ed1],63,https://demo.easyappointments.org/index.php/login/validate,63,request.form[1].username,63,str,REVIEW,Explicit recorded user fill/selection and subsequent same-host submission; action identity preserves independent ownership.
REAL100-026,REAL100-026:action:4:username,USER_INPUT,4,username,[REDACTED:4194d1706ed1],63,https://demo.easyappointments.org/index.php/login/validate,63,request.form[2].[REDACTED:5e884898da28],63,str,REVIEW,Explicit recorded user fill/selection and subsequent same-host submission; action identity preserves independent ownership.
REAL100-026,REAL100-026:action:5:[REDACTED:5e884898da28],CREDENTIAL_INPUT,5,[REDACTED:5e884898da28],[REDACTED:4194d1706ed1],63,https://demo.easyappointments.org/index.php/login/validate,63,request.form[1].username,63,str,REVIEW,Explicit recorded user fill/selection and subsequent same-host submission; action identity preserves independent ownership.
REAL100-026,REAL100-026:action:5:[REDACTED:5e884898da28],CREDENTIAL_INPUT,5,[REDACTED:5e884898da28],[REDACTED:4194d1706ed1],63,https://demo.easyappointments.org/index.php/login/validate,63,request.form[2].[REDACTED:5e884898da28],63,str,REVIEW,Explicit recorded user fill/selection and subsequent same-host submission; action identity preserves independent ownership.
REAL100-026,REAL100-026:action:13:name,USER_INPUT,13,name,REAL100 Review Consultation,163,https://demo.easyappointments.org/index.php/services/store,163,request.form[1].service[name],163,str,CONFIRMED,Explicit recorded user fill/selection and subsequent same-host submission; action identity preserves independent ownership.
REAL100-026,REAL100-026:action:14:duration,USER_INPUT,14,duration,45,163,https://demo.easyappointments.org/index.php/services/store,163,request.form[2].service[duration],163,str,CONFIRMED,Explicit recorded user fill/selection and subsequent same-host submission; action identity preserves independent ownership.
REAL100-026,REAL100-026:action:15:price,USER_INPUT,15,price,90.50,163,https://demo.easyappointments.org/index.php/services/store,163,request.form[3].service[price],163,str,CONFIRMED,Explicit recorded user fill/selection and subsequent same-host submission; action identity preserves independent ownership.
REAL100-026,REAL100-026:action:16:currency,USER_INPUT,16,currency,USD,163,https://demo.easyappointments.org/index.php/services/store,163,request.form[4].service[currency],163,str,CONFIRMED,Explicit recorded user fill/selection and subsequent same-host submission; action identity preserves independent ownership.
REAL100-027,REAL100-027:action:4:username,USER_INPUT,4,username,[REDACTED:4194d1706ed1],63,https://demo.easyappointments.org/index.php/login/validate,63,request.form[1].username,63,str,REVIEW,Explicit recorded user fill/selection and subsequent same-host submission; action identity preserves independent ownership.
REAL100-027,REAL100-027:action:4:username,USER_INPUT,4,username,[REDACTED:4194d1706ed1],63,https://demo.easyappointments.org/index.php/login/validate,63,request.form[2].[REDACTED:5e884898da28],63,str,REVIEW,Explicit recorded user fill/selection and subsequent same-host submission; action identity preserves independent ownership.
REAL100-027,REAL100-027:action:5:[REDACTED:5e884898da28],CREDENTIAL_INPUT,5,[REDACTED:5e884898da28],[REDACTED:4194d1706ed1],63,https://demo.easyappointments.org/index.php/login/validate,63,request.form[1].username,63,str,REVIEW,Explicit recorded user fill/selection and subsequent same-host submission; action identity preserves independent ownership.
REAL100-027,REAL100-027:action:5:[REDACTED:5e884898da28],CREDENTIAL_INPUT,5,[REDACTED:5e884898da28],[REDACTED:4194d1706ed1],63,https://demo.easyappointments.org/index.php/login/validate,63,request.form[2].[REDACTED:5e884898da28],63,str,REVIEW,Explicit recorded user fill/selection and subsequent same-host submission; action identity preserves independent ownership.
REAL100-027,REAL100-027:action:13:name,USER_INPUT,13,name,REAL100 Business Reviews,161,https://demo.easyappointments.org/index.php/service_categories/store,161,request.form[1].service_category[name],161,str,CONFIRMED,Explicit recorded user fill/selection and subsequent same-host submission; action identity preserves independent ownership.
REAL100-027,REAL100-027:action:14:description,USER_INPUT,14,description,Fictional appointment service category,161,https://demo.easyappointments.org/index.php/service_categories/store,161,request.form[2].service_category[description],161,str,CONFIRMED,Explicit recorded user fill/selection and subsequent same-host submission; action identity preserves independent ownership.
REAL100-028,REAL100-028:action:1:email,USER_INPUT,[REDACTED:6b86b273ff34],email,admin,31,https://demo.bookedscheduler.com/Web/index.php,31,request.form[0].email,31,str,CONFIRMED,Explicit recorded user fill/selection and subsequent same-host submission; action identity preserves independent ownership.
REAL100-028,REAL100-028:action:2:[REDACTED:5e884898da28],CREDENTIAL_INPUT,[REDACTED:d4735e3a265e],[REDACTED:5e884898da28],[REDACTED:5e884898da28],31,https://demo.bookedscheduler.com/Web/index.php,31,request.form[1].[REDACTED:5e884898da28],31,str,CONFIRMED,Explicit recorded user fill/selection and subsequent same-host submission; action identity preserves independent ownership.
REAL100-028,REAL100-028:action:10:addgroupName,USER_INPUT,10,addgroupName,REAL100 Facilities Review,114,https://demo.bookedscheduler.com/Web/admin/groups/index.php?api=add,114,"request.body[""name""]",114,str,CONFIRMED,Explicit recorded user fill/selection and subsequent same-host submission; action identity preserves independent ownership.
REAL100-029,REAL100-029:action:1:email,USER_INPUT,[REDACTED:6b86b273ff34],email,admin,32,https://demo.bookedscheduler.com/Web/index.php,32,request.form[0].email,32,str,CONFIRMED,Explicit recorded user fill/selection and subsequent same-host submission; action identity preserves independent ownership.
REAL100-029,REAL100-029:action:2:[REDACTED:5e884898da28],CREDENTIAL_INPUT,[REDACTED:d4735e3a265e],[REDACTED:5e884898da28],[REDACTED:5e884898da28],32,https://demo.bookedscheduler.com/Web/index.php,32,request.form[1].[REDACTED:5e884898da28],32,str,CONFIRMED,Explicit recorded user fill/selection and subsequent same-host submission; action identity preserves independent ownership.
REAL100-029,REAL100-029:action:10:announcementText,USER_INPUT,10,announcementText,REAL100 fictional sandbox maintenance notice,106,https://demo.bookedscheduler.com/Web/admin/manage_announcements.php?aid=&action=addAnnouncement,106,request.form[0].announcementText,106,str,CONFIRMED,Explicit recorded user fill/selection and subsequent same-host submission; action identity preserves independent ownership.
REAL100-029,REAL100-029:action:11:announcementPriority,USER_INPUT,11,announcementPriority,5,106,https://demo.bookedscheduler.com/Web/admin/manage_announcements.php?aid=&action=addAnnouncement,106,request.form[3].announcementPriority,106,str,CONFIRMED,Explicit recorded user fill/selection and subsequent same-host submission; action identity preserves independent ownership.
REAL100-030,REAL100-030:action:1:email,USER_INPUT,[REDACTED:6b86b273ff34],email,admin,32,https://demo.bookedscheduler.com/Web/index.php,32,request.form[0].email,32,str,CONFIRMED,Explicit recorded user fill/selection and subsequent same-host submission; action identity preserves independent ownership.
REAL100-030,REAL100-030:action:2:[REDACTED:5e884898da28],CREDENTIAL_INPUT,[REDACTED:d4735e3a265e],[REDACTED:5e884898da28],[REDACTED:5e884898da28],32,https://demo.bookedscheduler.com/Web/index.php,32,request.form[1].[REDACTED:5e884898da28],32,str,CONFIRMED,Explicit recorded user fill/selection and subsequent same-host submission; action identity preserves independent ownership.
REAL100-030,REAL100-030:action:10:scheduleName,USER_INPUT,10,scheduleName,REAL100 Facilities Schedule,107,https://demo.bookedscheduler.com/Web/admin/manage_schedules.php?sid=&action=add,107,request.form[0].scheduleName,107,str,CONFIRMED,Explicit recorded user fill/selection and subsequent same-host submission; action identity preserves independent ownership.
REAL100-030,REAL100-030:action:11:scheduleDaysVisible,USER_INPUT,11,scheduleDaysVisible,5,107,https://demo.bookedscheduler.com/Web/admin/manage_schedules.php?sid=&action=add,107,request.form[2].scheduleDaysVisible,107,str,CONFIRMED,Explicit recorded user fill/selection and subsequent same-host submission; action identity preserves independent ownership.
REAL100-031,REAL100-031:action:1:email,USER_INPUT,[REDACTED:6b86b273ff34],email,admin,30,https://demo.bookedscheduler.com/Web/index.php,30,request.form[0].email,30,str,CONFIRMED,Explicit recorded user fill/selection and subsequent same-host submission; action identity preserves independent ownership.
REAL100-031,REAL100-031:action:2:[REDACTED:5e884898da28],CREDENTIAL_INPUT,[REDACTED:d4735e3a265e],[REDACTED:5e884898da28],[REDACTED:5e884898da28],30,https://demo.bookedscheduler.com/Web/index.php,30,request.form[1].[REDACTED:5e884898da28],30,str,CONFIRMED,Explicit recorded user fill/selection and subsequent same-host submission; action identity preserves independent ownership.
REAL100-031,REAL100-031:action:10:chkUnlimited,USER_INPUT,10,chkUnlimited,,101,https://demo.bookedscheduler.com/Web/admin/manage_accessories.php?aid=&action=addAccessory,101,request.query[0].aid,101,str,REVIEW,Explicit recorded user fill/selection and subsequent same-host submission; action identity preserves independent ownership.
REAL100-031,REAL100-031:action:10:chkUnlimited,USER_INPUT,10,chkUnlimited,,101,https://demo.bookedscheduler.com/Web/admin/manage_accessories.php?aid=&action=addAccessory,101,request.form[2].CREDITS,101,str,REVIEW,Explicit recorded user fill/selection and subsequent same-host submission; action identity preserves independent ownership.
REAL100-031,REAL100-031:action:10:chkUnlimited,USER_INPUT,10,chkUnlimited,,101,https://demo.bookedscheduler.com/Web/admin/manage_accessories.php?aid=&action=addAccessory,101,request.form[3].PEAK_CREDITS,101,str,REVIEW,Explicit recorded user fill/selection and subsequent same-host submission; action identity preserves independent ownership.
REAL100-031,REAL100-031:action:11:accessoryName,USER_INPUT,11,accessoryName,REAL100 Presentation Kit,101,https://demo.bookedscheduler.com/Web/admin/manage_accessories.php?aid=&action=addAccessory,101,request.form[0].accessoryName,101,str,CONFIRMED,Explicit recorded user fill/selection and subsequent same-host submission; action identity preserves independent ownership.
REAL100-031,REAL100-031:action:12:accessoryQuantityAvailable,USER_INPUT,12,accessoryQuantityAvailable,4,101,https://demo.bookedscheduler.com/Web/admin/manage_accessories.php?aid=&action=addAccessory,101,request.form[1].accessoryQuantityAvailable,101,str,CONFIRMED,Explicit recorded user fill/selection and subsequent same-host submission; action identity preserves independent ownership.
REAL100-032,REAL100-032:api-action:0:query,USER_INPUT,[REDACTED:5feceb66ffc8],query,engineering,[REDACTED:5feceb66ffc8],https://api.datacite.org/dois?query=engineering&page[size]=2,[REDACTED:5feceb66ffc8],request.query[0].query,[REDACTED:5feceb66ffc8],str,CONFIRMED,"Recorded documented API action intent and exact request slot; Explicit search/filter or entity input, independent of converter output."
REAL100-032,REAL100-032:api-action:1:selected_response_identity,EXISTING_DATA,[REDACTED:6b86b273ff34],selected_response_identity,10.5281/zenodo.19373285,[REDACTED:6b86b273ff34],https://api.datacite.org/dois/10.5281/zenodo.19373285,[REDACTED:5feceb66ffc8],request.path.component:selected_response_identity,[REDACTED:6b86b273ff34],str,CONFIRMED,"Recorded documented API action intent and exact request slot; {""value"": ""10.5281/zenodo.19373285"", ""source_step"": 0, ""source_url"": ""https://api.datacite.org/dois?query=engineering&page[size]=2"", ""source_response_path"": [""data"", 0, ""id""], ""selected_dict_key_index"": null, ""classification"": ""EXISTING_DATA"", ""reason"": ""Explicit documented read-workflow selection from the preceding real response; existing catalog identity, except explicitly issued session token.""}"
REAL100-033,REAL100-033:api-action:1:selected_response_identity,EXISTING_DATA,[REDACTED:6b86b273ff34],selected_response_identity,rhtq.rjxpkl,[REDACTED:6b86b273ff34],https://api.datacite.org/repositories/rhtq.rjxpkl,[REDACTED:5feceb66ffc8],request.path.segment[2],[REDACTED:6b86b273ff34],str,CONFIRMED,"Recorded documented API action intent and exact request slot; {""value"": ""rhtq.rjxpkl"", ""source_step"": 0, ""source_url"": ""https://api.datacite.org/repositories?page[size]=2"", ""source_response_path"": [""data"", 0, ""id""], ""selected_dict_key_index"": null, ""classification"": ""EXISTING_DATA"", ""reason"": ""Explicit documented read-workflow selection from the preceding real response; existing catalog identity, except explicitly issued session token.""}"
REAL100-034,REAL100-034:api-action:0:query,USER_INPUT,[REDACTED:5feceb66ffc8],query,gene:BRCA1,[REDACTED:5feceb66ffc8],https://rest.uniprot.org/uniprotkb/search?query=gene:BRCA1&format=json&size=2,[REDACTED:5feceb66ffc8],request.query[0].query,[REDACTED:5feceb66ffc8],str,CONFIRMED,"Recorded documented API action intent and exact request slot; Explicit search/filter or entity input, independent of converter output."
REAL100-034,REAL100-034:api-action:1:selected_response_identity,EXISTING_DATA,[REDACTED:6b86b273ff34],selected_response_identity,P38398,[REDACTED:6b86b273ff34],https://rest.uniprot.org/uniprotkb/P38398.json,[REDACTED:5feceb66ffc8],request.path.component:selected_response_identity,[REDACTED:6b86b273ff34],str,CONFIRMED,"Recorded documented API action intent and exact request slot; {""value"": ""P38398"", ""source_step"": 0, ""source_url"": ""https://rest.uniprot.org/uniprotkb/search?query=gene:BRCA1&format=json&size=2"", ""source_response_path"": [""results"", 0, ""primaryAccession""], ""selected_dict_key_index"": null, ""classification"": ""EXISTING_DATA"", ""reason"": ""Explicit documented read-workflow selection from the preceding real response; existing catalog identity, except explicitly issued session token.""}"
REAL100-035,REAL100-035:api-action:0:query,USER_INPUT,[REDACTED:5feceb66ffc8],query,human,[REDACTED:5feceb66ffc8],https://rest.uniprot.org/taxonomy/search?query=human&format=json&size=2,[REDACTED:5feceb66ffc8],request.query[0].query,[REDACTED:5feceb66ffc8],str,CONFIRMED,"Recorded documented API action intent and exact request slot; Explicit search/filter or entity input, independent of converter output."
REAL100-035,REAL100-035:api-action:1:selected_response_identity,EXISTING_DATA,[REDACTED:6b86b273ff34],selected_response_identity,9606,[REDACTED:6b86b273ff34],https://rest.uniprot.org/taxonomy/9606.json,[REDACTED:5feceb66ffc8],request.path.component:selected_response_identity,[REDACTED:6b86b273ff34],str,CONFIRMED,"Recorded documented API action intent and exact request slot; {""value"": 9606, ""source_step"": 0, ""source_url"": ""https://rest.uniprot.org/taxonomy/search?query=human&format=json&size=2"", ""source_response_path"": [""results"", 0, ""taxonId""], ""selected_dict_key_index"": null, ""classification"": ""EXISTING_DATA"", ""reason"": ""Explicit documented read-workflow selection from the preceding real response; existing catalog identity, except explicitly issued session token.""}"
REAL100-036,REAL100-036:api-action:0:symbol,USER_INPUT,[REDACTED:5feceb66ffc8],symbol,BRCA1,[REDACTED:5feceb66ffc8],https://rest.ensembl.org/lookup/symbol/homo_sapiens/BRCA1?content-type=application/json,[REDACTED:5feceb66ffc8],request.path.segment[4],[REDACTED:5feceb66ffc8],str,CONFIRMED,"Recorded documented API action intent and exact request slot; Explicit search/filter or entity input, independent of converter output."
REAL100-036,REAL100-036:api-action:0:species,USER_INPUT,[REDACTED:5feceb66ffc8],species,homo_sapiens,[REDACTED:5feceb66ffc8],https://rest.ensembl.org/lookup/symbol/homo_sapiens/BRCA1?content-type=application/json,[REDACTED:5feceb66ffc8],request.path.segment[3],[REDACTED:5feceb66ffc8],str,CONFIRMED,"Recorded documented API action intent and exact request slot; Explicit search/filter or entity input, independent of converter output."
REAL100-036,REAL100-036:api-action:1:selected_response_identity,EXISTING_DATA,[REDACTED:6b86b273ff34],selected_response_identity,ENSG00000012048,[REDACTED:6b86b273ff34],https://rest.ensembl.org/sequence/id/ENSG00000012048?content-type=application/json,[REDACTED:5feceb66ffc8],request.path.segment[3],[REDACTED:6b86b273ff34],str,CONFIRMED,"Recorded documented API action intent and exact request slot; {""value"": ""ENSG00000012048"", ""source_step"": 0, ""source_url"": ""https://rest.ensembl.org/lookup/symbol/homo_sapiens/BRCA1?content-type=application/json"", ""source_response_path"": [""id""], ""selected_dict_key_index"": null, ""classification"": ""EXISTING_DATA"", ""reason"": ""Explicit documented read-workflow selection from the preceding real response; existing catalog identity, except explicitly issued session token.""}"
REAL100-037,REAL100-037:api-action:0:variant,USER_INPUT,[REDACTED:5feceb66ffc8],variant,rs699,[REDACTED:5feceb66ffc8],https://rest.ensembl.org/variation/human/rs699?content-type=application/json,[REDACTED:5feceb66ffc8],request.path.segment[3],[REDACTED:5feceb66ffc8],str,CONFIRMED,"Recorded documented API action intent and exact request slot; Explicit search/filter or entity input, independent of converter output."
REAL100-037,REAL100-037:api-action:1:selected_response_identity,EXISTING_DATA,[REDACTED:6b86b273ff34],selected_response_identity,rs699,[REDACTED:6b86b273ff34],https://rest.ensembl.org/variation/human/rs699?phenotypes=1&content-type=application/json,[REDACTED:5feceb66ffc8],request.path.segment[3],[REDACTED:6b86b273ff34],str,CONFIRMED,"Recorded documented API action intent and exact request slot; {""value"": ""rs699"", ""source_step"": 0, ""source_url"": ""https://rest.ensembl.org/variation/human/rs699?content-type=application/json"", ""source_response_path"": [""name""], ""selected_dict_key_index"": null, ""classification"": ""EXISTING_DATA"", ""reason"": ""Explicit documented read-workflow selection from the preceding real response; existing catalog identity, except explicitly issued session token.""}"
REAL100-038,REAL100-038:api-action:0:structure,USER_INPUT,[REDACTED:5feceb66ffc8],structure,4HHB,[REDACTED:5feceb66ffc8],https://data.rcsb.org/rest/v1/core/entry/4HHB,[REDACTED:5feceb66ffc8],request.path.segment[5],[REDACTED:5feceb66ffc8],str,CONFIRMED,"Recorded documented API action intent and exact request slot; Explicit search/filter or entity input, independent of converter output."
REAL100-038,REAL100-038:api-action:1:selected_response_identity,EXISTING_DATA,[REDACTED:6b86b273ff34],selected_response_identity,[REDACTED:6b86b273ff34],[REDACTED:6b86b273ff34],https://data.rcsb.org/rest/v1/core/polymer_entity/4HHB/1,[REDACTED:5feceb66ffc8],request.path.segment[6],[REDACTED:6b86b273ff34],str,CONFIRMED,"Recorded documented API action intent and exact request slot; {""value"": ""1"", ""source_step"": 0, ""source_url"": ""https://data.rcsb.org/rest/v1/core/entry/4HHB"", ""source_response_path"": [""rcsb_entry_container_identifiers"", ""polymer_entity_ids"", 0], ""selected_dict_key_index"": null, ""classification"": ""EXISTING_DATA"", ""reason"": ""Explicit documented read-workflow selection from the preceding real response; existing catalog identity, except explicitly issued session token.""}"
REAL100-039,REAL100-039:api-action:0:structure,USER_INPUT,[REDACTED:5feceb66ffc8],structure,1A4W,[REDACTED:5feceb66ffc8],https://data.rcsb.org/rest/v1/core/entry/1A4W,[REDACTED:5feceb66ffc8],request.path.segment[5],[REDACTED:5feceb66ffc8],str,CONFIRMED,"Recorded documented API action intent and exact request slot; Explicit search/filter or entity input, independent of converter output."
REAL100-039,REAL100-039:api-action:1:selected_response_identity,EXISTING_DATA,[REDACTED:6b86b273ff34],selected_response_identity,4,[REDACTED:6b86b273ff34],https://data.rcsb.org/rest/v1/core/nonpolymer_entity/1A4W/4,[REDACTED:5feceb66ffc8],request.path.segment[6],[REDACTED:6b86b273ff34],str,CONFIRMED,"Recorded documented API action intent and exact request slot; {""value"": ""4"", ""source_step"": 0, ""source_url"": ""https://data.rcsb.org/rest/v1/core/entry/1A4W"", ""source_response_path"": [""rcsb_entry_container_identifiers"", ""non_polymer_entity_ids"", 0], ""selected_dict_key_index"": null, ""classification"": ""EXISTING_DATA"", ""reason"": ""Explicit documented read-workflow selection from the preceding real response; existing catalog identity, except explicitly issued session token.""}"
REAL100-040,REAL100-040:api-action:0:search,USER_INPUT,[REDACTED:5feceb66ffc8],search,openfda.brand_name:aspirin,[REDACTED:5feceb66ffc8],https://api.fda.gov/drug/label.json?search=openfda.brand_name:aspirin&limit=2,[REDACTED:5feceb66ffc8],request.query[0].search,[REDACTED:5feceb66ffc8],str,CONFIRMED,"Recorded documented API action intent and exact request slot; Explicit search/filter or entity input, independent of converter output."
REAL100-040,REAL100-040:api-action:1:selected_response_identity,EXISTING_DATA,[REDACTED:6b86b273ff34],selected_response_identity,id:008ee85b-5cac-45a6-a857-a828f8125175,[REDACTED:6b86b273ff34],https://api.fda.gov/drug/label.json?search=id:008ee85b-5cac-45a6-a857-a828f8125175&limit=1,[REDACTED:5feceb66ffc8],request.query[0].search,[REDACTED:6b86b273ff34],str,CONFIRMED,"Recorded documented API action intent and exact request slot; {""value"": ""008ee85b-5cac-45a6-a857-a828f8125175"", ""source_step"": 0, ""source_url"": ""https://api.fda.gov/drug/label.json?search=openfda.brand_name:aspirin&limit=2"", ""source_response_path"": [""results"", 0, ""id""], ""selected_dict_key_index"": null, ""classification"": ""EXISTING_DATA"", ""reason"": ""Explicit documented read-workflow selection from the preceding real response; existing catalog identity, except explicitly issued session token.""}"
REAL100-041,REAL100-041:api-action:0:search,USER_INPUT,[REDACTED:5feceb66ffc8],search,"classification:""Class I""",[REDACTED:5feceb66ffc8],https://api.fda.gov/drug/enforcement.json?search=classification:%22Class+I%22&limit=2,[REDACTED:5feceb66ffc8],request.query[0].search,[REDACTED:5feceb66ffc8],str,CONFIRMED,"Recorded documented API action intent and exact request slot; Explicit search/filter or entity input, independent of converter output."
REAL100-041,REAL100-041:api-action:1:selected_response_identity,EXISTING_DATA,[REDACTED:6b86b273ff34],selected_response_identity,recall_number:D-1178-2018,[REDACTED:6b86b273ff34],https://api.fda.gov/drug/enforcement.json?search=recall_number:D-1178-2018&limit=1,[REDACTED:5feceb66ffc8],request.query[0].search,[REDACTED:6b86b273ff34],str,CONFIRMED,"Recorded documented API action intent and exact request slot; {""value"": ""D-1178-2018"", ""source_step"": 0, ""source_url"": ""https://api.fda.gov/drug/enforcement.json?search=classification:%22Class+I%22&limit=2"", ""source_response_path"": [""results"", 0, ""recall_number""], ""selected_dict_key_index"": null, ""classification"": ""EXISTING_DATA"", ""reason"": ""Explicit documented read-workflow selection from the preceding real response; existing catalog identity, except explicitly issued session token.""}"
REAL100-042,REAL100-042:api-action:0:q,USER_INPUT,[REDACTED:5feceb66ffc8],q,oak,[REDACTED:5feceb66ffc8],https://api.inaturalist.org/v1/taxa?q=oak&per_page=2,[REDACTED:5feceb66ffc8],request.query[0].q,[REDACTED:5feceb66ffc8],str,CONFIRMED,"Recorded documented API action intent and exact request slot; Explicit search/filter or entity input, independent of converter output."
REAL100-042,REAL100-042:api-action:1:selected_response_identity,EXISTING_DATA,[REDACTED:6b86b273ff34],selected_response_identity,47853,[REDACTED:6b86b273ff34],https://api.inaturalist.org/v1/taxa/47853,[REDACTED:5feceb66ffc8],request.path.segment[3],[REDACTED:6b86b273ff34],str,CONFIRMED,"Recorded documented API action intent and exact request slot; {""value"": 47853, ""source_step"": 0, ""source_url"": ""https://api.inaturalist.org/v1/taxa?q=oak&per_page=2"", ""source_response_path"": [""results"", 0, ""id""], ""selected_dict_key_index"": null, ""classification"": ""EXISTING_DATA"", ""reason"": ""Explicit documented read-workflow selection from the preceding real response; existing catalog identity, except explicitly issued session token.""}"
REAL100-043,REAL100-043:api-action:0:taxon_id,USER_INPUT,[REDACTED:5feceb66ffc8],taxon_id,47126,[REDACTED:5feceb66ffc8],https://api.inaturalist.org/v1/observations?taxon_id=47126&per_page=2&order_by=observed_on,[REDACTED:5feceb66ffc8],request.query[0].taxon_id,[REDACTED:5feceb66ffc8],str,CONFIRMED,"Recorded documented API action intent and exact request slot; Explicit search/filter or entity input, independent of converter output."
REAL100-043,REAL100-043:api-action:1:selected_response_identity,EXISTING_DATA,[REDACTED:6b86b273ff34],selected_response_identity,406809094,[REDACTED:6b86b273ff34],https://api.inaturalist.org/v1/observations/406809094,[REDACTED:5feceb66ffc8],request.path.segment[3],[REDACTED:6b86b273ff34],str,CONFIRMED,"Recorded documented API action intent and exact request slot; {""value"": 406809094, ""source_step"": 0, ""source_url"": ""https://api.inaturalist.org/v1/observations?taxon_id=47126&per_page=2&order_by=observed_on"", ""source_response_path"": [""results"", 0, ""id""], ""selected_dict_key_index"": null, ""classification"": ""EXISTING_DATA"", ""reason"": ""Explicit documented read-workflow selection from the preceding real response; existing catalog identity, except explicitly issued session token.""}"
REAL100-044,REAL100-044:api-action:0:rq,USER_INPUT,[REDACTED:5feceb66ffc8],rq,"{""scientificname"":""Quercus alba""}",[REDACTED:5feceb66ffc8],https://search.idigbio.org/v2/search/records/?rq=%7B%22scientificname%22:%22Quercus%20alba%22%7D&limit=2,[REDACTED:5feceb66ffc8],request.query[0].rq,[REDACTED:5feceb66ffc8],str,CONFIRMED,"Recorded documented API action intent and exact request slot; Explicit search/filter or entity input, independent of converter output."
REAL100-044,REAL100-044:api-action:1:selected_response_identity,EXISTING_DATA,[REDACTED:6b86b273ff34],selected_response_identity,9d0283aa-e6be-4b7e-a810-1ad0ec8df79a,[REDACTED:6b86b273ff34],https://search.idigbio.org/v2/view/records/9d0283aa-e6be-4b7e-a810-1ad0ec8df79a,[REDACTED:5feceb66ffc8],request.path.segment[4],[REDACTED:6b86b273ff34],str,CONFIRMED,"Recorded documented API action intent and exact request slot; {""value"": ""9d0283aa-e6be-4b7e-a810-1ad0ec8df79a"", ""source_step"": 0, ""source_url"": ""https://search.idigbio.org/v2/search/records/?rq=%7B%22scientificname%22:%22Quercus%20alba%22%7D&limit=2"", ""source_response_path"": [""items"", 0, ""uuid""], ""selected_dict_key_index"": null, ""classification"": ""EXISTING_DATA"", ""reason"": ""Explicit documented read-workflow selection from the preceding real response; existing catalog identity, except explicitly issued session token.""}"
REAL100-045,REAL100-045:api-action:0:srchKey,USER_INPUT,[REDACTED:5feceb66ffc8],srchKey,Quercus alba,[REDACTED:5feceb66ffc8],https://www.itis.gov/ITISWebService/jsonservice/searchByScientificName?srchKey=Quercus%20alba,[REDACTED:5feceb66ffc8],request.query[0].srchKey,[REDACTED:5feceb66ffc8],str,CONFIRMED,"Recorded documented API action intent and exact request slot; Explicit search/filter or entity input, independent of converter output."
REAL100-045,REAL100-045:api-action:1:selected_response_identity,EXISTING_DATA,[REDACTED:6b86b273ff34],selected_response_identity,19290,[REDACTED:6b86b273ff34],https://www.itis.gov/ITISWebService/jsonservice/getFullRecordFromTSN?tsn=19290,[REDACTED:5feceb66ffc8],request.query[0].tsn,[REDACTED:6b86b273ff34],str,CONFIRMED,"Recorded documented API action intent and exact request slot; {""value"": ""19290"", ""source_step"": 0, ""source_url"": ""https://www.itis.gov/ITISWebService/jsonservice/searchByScientificName?srchKey=Quercus%20alba"", ""source_response_path"": [""scientificNames"", 0, ""tsn""], ""selected_dict_key_index"": null, ""classification"": ""EXISTING_DATA"", ""reason"": ""Explicit documented read-workflow selection from the preceding real response; existing catalog identity, except explicitly issued session token.""}"
REAL100-046,REAL100-046:api-action:0:scientific_name,USER_INPUT,[REDACTED:5feceb66ffc8],scientific_name,Abra%20alba,[REDACTED:5feceb66ffc8],https://www.marinespecies.org/rest/AphiaRecordsByName/Abra%20alba?like=false&marine_only=true,[REDACTED:5feceb66ffc8],request.path.segment[3],[REDACTED:5feceb66ffc8],str,CONFIRMED,"Recorded documented API action intent and exact request slot; Explicit search/filter or entity input, independent of converter output."
REAL100-046,REAL100-046:api-action:1:selected_response_identity,EXISTING_DATA,[REDACTED:6b86b273ff34],selected_response_identity,141433,[REDACTED:6b86b273ff34],https://www.marinespecies.org/rest/AphiaRecordByAphiaID/141433,[REDACTED:5feceb66ffc8],request.path.segment[3],[REDACTED:6b86b273ff34],str,CONFIRMED,"Recorded documented API action intent and exact request slot; {""value"": 141433, ""source_step"": 0, ""source_url"": ""https://www.marinespecies.org/rest/AphiaRecordsByName/Abra%20alba?like=false&marine_only=true"", ""source_response_path"": [0, ""AphiaID""], ""selected_dict_key_index"": null, ""classification"": ""EXISTING_DATA"", ""reason"": ""Explicit documented read-workflow selection from the preceding real response; existing catalog identity, except explicitly issued session token.""}"
REAL100-047,REAL100-047:api-action:0:latitude,USER_INPUT,[REDACTED:5feceb66ffc8],latitude,38.8894,[REDACTED:5feceb66ffc8],"https://api.weather.gov/points/38.8894,-77.0352",[REDACTED:5feceb66ffc8],request.path.component:latitude,[REDACTED:5feceb66ffc8],str,CONFIRMED,"Recorded documented API action intent and exact request slot; Explicit search/filter or entity input, independent of converter output."
REAL100-047,REAL100-047:api-action:0:longitude,USER_INPUT,[REDACTED:5feceb66ffc8],longitude,-77.0352,[REDACTED:5feceb66ffc8],"https://api.weather.gov/points/38.8894,-77.0352",[REDACTED:5feceb66ffc8],request.path.component:longitude,[REDACTED:5feceb66ffc8],str,CONFIRMED,"Recorded documented API action intent and exact request slot; Explicit search/filter or entity input, independent of converter output."
REAL100-047,REAL100-047:api-action:1:selected_response_identity,EXISTING_DATA,[REDACTED:6b86b273ff34],selected_response_identity,"https://api.weather.gov/gridpoints/LWX/97,71/forecast",[REDACTED:6b86b273ff34],"https://api.weather.gov/gridpoints/LWX/97,71/forecast",[REDACTED:5feceb66ffc8],request.url.response_selected,[REDACTED:6b86b273ff34],str,CONFIRMED,"Recorded documented API action intent and exact request slot; {""value"": ""https://api.weather.gov/gridpoints/LWX/97,71/forecast"", ""source_step"": 0, ""source_url"": ""https://api.weather.gov/points/38.8894,-77.0352"", ""source_response_path"": [""properties"", ""forecast""], ""selected_dict_key_index"": null, ""classification"": ""EXISTING_DATA"", ""reason"": ""Explicit documented read-workflow selection from the preceding real response; existing catalog identity, except explicitly issued session token.""}"
REAL100-048,REAL100-048:api-action:0:state,USER_INPUT,[REDACTED:5feceb66ffc8],state,NY,[REDACTED:5feceb66ffc8],https://api.weather.gov/stations?state=NY&limit=2,[REDACTED:5feceb66ffc8],request.query[0].state,[REDACTED:5feceb66ffc8],str,CONFIRMED,"Recorded documented API action intent and exact request slot; Explicit search/filter or entity input, independent of converter output."
REAL100-048,REAL100-048:api-action:1:selected_response_identity,EXISTING_DATA,[REDACTED:6b86b273ff34],selected_response_identity,https://api.weather.gov/stations/0512W,[REDACTED:6b86b273ff34],https://api.weather.gov/stations/0512W/observations/latest,[REDACTED:5feceb66ffc8],request.path.response_selected_prefix,[REDACTED:6b86b273ff34],str,CONFIRMED,"Recorded documented API action intent and exact request slot; {""value"": ""https://api.weather.gov/stations/0512W"", ""source_step"": 0, ""source_url"": ""https://api.weather.gov/stations?state=NY&limit=2"", ""source_response_path"": [""features"", 0, ""id""], ""selected_dict_key_index"": null, ""classification"": ""EXISTING_DATA"", ""reason"": ""Explicit documented read-workflow selection from the preceding real response; existing catalog identity, except explicitly issued session token.""}"
REAL100-049,REAL100-049:api-action:0:ids,USER_INPUT,[REDACTED:5feceb66ffc8],ids,KJFK,[REDACTED:5feceb66ffc8],https://aviationweather.gov/api/data/metar?ids=KJFK&format=json,[REDACTED:5feceb66ffc8],request.query[0].ids,[REDACTED:5feceb66ffc8],str,CONFIRMED,"Recorded documented API action intent and exact request slot; Explicit search/filter or entity input, independent of converter output."
REAL100-049,REAL100-049:api-action:1:selected_response_identity,EXISTING_DATA,[REDACTED:6b86b273ff34],selected_response_identity,KJFK,[REDACTED:6b86b273ff34],https://aviationweather.gov/api/data/taf?ids=KJFK&format=json,[REDACTED:5feceb66ffc8],request.query[0].ids,[REDACTED:6b86b273ff34],str,CONFIRMED,"Recorded documented API action intent and exact request slot; {""value"": ""KJFK"", ""source_step"": 0, ""source_url"": ""https://aviationweather.gov/api/data/metar?ids=KJFK&format=json"", ""source_response_path"": [0, ""icaoId""], ""selected_dict_key_index"": null, ""classification"": ""EXISTING_DATA"", ""reason"": ""Explicit documented read-workflow selection from the preceding real response; existing catalog identity, except explicitly issued session token.""}"
REAL100-050,REAL100-050:api-action:1:selected_response_identity,EXISTING_DATA,[REDACTED:6b86b273ff34],selected_response_identity,_,[REDACTED:6b86b273ff34],https://api.coingecko.com/api/v3/coins/_?localization=false&tickers=false&market_data=false&community_data=false&developer_data=false,[REDACTED:5feceb66ffc8],request.path.segment[4],[REDACTED:6b86b273ff34],str,CONFIRMED,"Recorded documented API action intent and exact request slot; {""value"": ""_"", ""source_step"": 0, ""source_url"": ""https://api.coingecko.com/api/v3/coins/list"", ""source_response_path"": [0, ""id""], ""selected_dict_key_index"": null, ""classification"": ""EXISTING_DATA"", ""reason"": ""Explicit documented read-workflow selection from the preceding real response; existing catalog identity, except explicitly issued session token.""}"
REAL100-051,REAL100-051:api-action:1:selected_response_identity,EXISTING_DATA,[REDACTED:6b86b273ff34],selected_response_identity,10kswap-starknet-alpha,[REDACTED:6b86b273ff34],https://api.coingecko.com/api/v3/exchanges/10kswap-starknet-alpha,[REDACTED:5feceb66ffc8],request.path.segment[4],[REDACTED:6b86b273ff34],str,CONFIRMED,"Recorded documented API action intent and exact request slot; {""value"": ""10kswap-starknet-alpha"", ""source_step"": 0, ""source_url"": ""https://api.coingecko.com/api/v3/exchanges/list"", ""source_response_path"": [0, ""id""], ""selected_dict_key_index"": null, ""classification"": ""EXISTING_DATA"", ""reason"": ""Explicit documented read-workflow selection from the preceding real response; existing catalog identity, except explicitly issued session token.""}"
REAL100-052,REAL100-052:api-action:0:asset,USER_INPUT,[REDACTED:5feceb66ffc8],asset,btc-bitcoin,[REDACTED:5feceb66ffc8],https://api.coinpaprika.com/v1/coins/btc-bitcoin,[REDACTED:5feceb66ffc8],request.path.segment[3],[REDACTED:5feceb66ffc8],str,CONFIRMED,"Recorded documented API action intent and exact request slot; Explicit search/filter or entity input, independent of converter output."
REAL100-052,REAL100-052:api-action:1:selected_response_identity,EXISTING_DATA,[REDACTED:6b86b273ff34],selected_response_identity,btc-bitcoin,[REDACTED:6b86b273ff34],https://api.coinpaprika.com/v1/tickers/btc-bitcoin,[REDACTED:5feceb66ffc8],request.path.segment[3],[REDACTED:6b86b273ff34],str,CONFIRMED,"Recorded documented API action intent and exact request slot; {""value"": ""btc-bitcoin"", ""source_step"": 0, ""source_url"": ""https://api.coinpaprika.com/v1/coins/btc-bitcoin"", ""source_response_path"": [""id""], ""selected_dict_key_index"": null, ""classification"": ""EXISTING_DATA"", ""reason"": ""Explicit documented read-workflow selection from the preceding real response; existing catalog identity, except explicitly issued session token.""}"
REAL100-053,REAL100-053:api-action:1:selected_response_identity,EXISTING_DATA,[REDACTED:6b86b273ff34],selected_response_identity,binance,[REDACTED:6b86b273ff34],https://api.coinpaprika.com/v1/exchanges/binance,[REDACTED:5feceb66ffc8],request.path.segment[3],[REDACTED:6b86b273ff34],str,CONFIRMED,"Recorded documented API action intent and exact request slot; {""value"": ""binance"", ""source_step"": 0, ""source_url"": ""https://api.coinpaprika.com/v1/exchanges"", ""source_response_path"": [0, ""id""], ""selected_dict_key_index"": null, ""classification"": ""EXISTING_DATA"", ""reason"": ""Explicit documented read-workflow selection from the preceding real response; existing catalog identity, except explicitly issued session token.""}"
REAL100-054,REAL100-054:api-action:0:product,USER_INPUT,[REDACTED:5feceb66ffc8],product,BTC-USD,[REDACTED:5feceb66ffc8],https://api.exchange.coinbase.com/products/BTC-USD,[REDACTED:5feceb66ffc8],request.path.segment[2],[REDACTED:5feceb66ffc8],str,CONFIRMED,"Recorded documented API action intent and exact request slot; Explicit search/filter or entity input, independent of converter output."
REAL100-054,REAL100-054:api-action:1:selected_response_identity,EXISTING_DATA,[REDACTED:6b86b273ff34],selected_response_identity,BTC-USD,[REDACTED:6b86b273ff34],https://api.exchange.coinbase.com/products/BTC-USD/ticker,[REDACTED:5feceb66ffc8],request.path.segment[2],[REDACTED:6b86b273ff34],str,CONFIRMED,"Recorded documented API action intent and exact request slot; {""value"": ""BTC-USD"", ""source_step"": 0, ""source_url"": ""https://api.exchange.coinbase.com/products/BTC-USD"", ""source_response_path"": [""id""], ""selected_dict_key_index"": null, ""classification"": ""EXISTING_DATA"", ""reason"": ""Explicit documented read-workflow selection from the preceding real response; existing catalog identity, except explicitly issued session token.""}"
REAL100-055,REAL100-055:api-action:0:asset,USER_INPUT,[REDACTED:5feceb66ffc8],asset,"XBT,USD",[REDACTED:5feceb66ffc8],"https://api.kraken.com/0/public/Assets?asset=XBT,USD",[REDACTED:5feceb66ffc8],request.query[0].asset,[REDACTED:5feceb66ffc8],str,CONFIRMED,"Recorded documented API action intent and exact request slot; Explicit search/filter or entity input, independent of converter output."
REAL100-055,REAL100-055:api-action:2:selected_response_identity,EXISTING_DATA,[REDACTED:d4735e3a265e],selected_response_identity,XXBTZUSD,[REDACTED:d4735e3a265e],https://api.kraken.com/0/public/Ticker?pair=XXBTZUSD,[REDACTED:6b86b273ff34],request.query[0].pair,[REDACTED:d4735e3a265e],str,CONFIRMED,"Recorded documented API action intent and exact request slot; {""value"": ""XXBTZUSD"", ""source_step"": 1, ""source_url"": ""https://api.kraken.com/0/public/AssetPairs?pair=XBTUSD"", ""source_response_path"": [""result""], ""selected_dict_key_index"": 0, ""classification"": ""EXISTING_DATA"", ""reason"": ""Explicit documented read-workflow selection from the preceding real response; existing catalog identity, except explicitly issued session token.""}"
REAL100-056,REAL100-056:api-action:0:symbol,USER_INPUT,[REDACTED:5feceb66ffc8],symbol,BTCUSDT,[REDACTED:5feceb66ffc8],https://data-api.binance.vision/api/v3/exchangeInfo?symbol=BTCUSDT,[REDACTED:5feceb66ffc8],request.query[0].symbol,[REDACTED:5feceb66ffc8],str,CONFIRMED,"Recorded documented API action intent and exact request slot; Explicit search/filter or entity input, independent of converter output."
REAL100-056,REAL100-056:api-action:1:selected_response_identity,EXISTING_DATA,[REDACTED:6b86b273ff34],selected_response_identity,BTCUSDT,[REDACTED:6b86b273ff34],https://data-api.binance.vision/api/v3/ticker/bookTicker?symbol=BTCUSDT,[REDACTED:5feceb66ffc8],request.query[0].symbol,[REDACTED:6b86b273ff34],str,CONFIRMED,"Recorded documented API action intent and exact request slot; {""value"": ""BTCUSDT"", ""source_step"": 0, ""source_url"": ""https://data-api.binance.vision/api/v3/exchangeInfo?symbol=BTCUSDT"", ""source_response_path"": [""symbols"", 0, ""symbol""], ""selected_dict_key_index"": null, ""classification"": ""EXISTING_DATA"", ""reason"": ""Explicit documented read-workflow selection from the preceding real response; existing catalog identity, except explicitly issued session token.""}"
REAL100-057,REAL100-057:api-action:0:postcode,USER_INPUT,[REDACTED:5feceb66ffc8],postcode,SW1A1AA,[REDACTED:5feceb66ffc8],https://api.postcodes.io/postcodes/SW1A1AA,[REDACTED:5feceb66ffc8],request.path.segment[2],[REDACTED:5feceb66ffc8],str,CONFIRMED,"Recorded documented API action intent and exact request slot; Explicit search/filter or entity input, independent of converter output."
REAL100-057,REAL100-057:api-action:1:selected_response_identity,EXISTING_DATA,[REDACTED:6b86b273ff34],selected_response_identity,SW1A,[REDACTED:6b86b273ff34],https://api.postcodes.io/outcodes/SW1A,[REDACTED:5feceb66ffc8],request.path.segment[2],[REDACTED:6b86b273ff34],str,CONFIRMED,"Recorded documented API action intent and exact request slot; {""value"": ""SW1A"", ""source_step"": 0, ""source_url"": ""https://api.postcodes.io/postcodes/SW1A1AA"", ""source_response_path"": [""result"", ""outcode""], ""selected_dict_key_index"": null, ""classification"": ""EXISTING_DATA"", ""reason"": ""Explicit documented read-workflow selection from the preceding real response; existing catalog identity, except explicitly issued session token.""}"
REAL100-058,REAL100-058:api-action:0:postal_code,USER_INPUT,[REDACTED:5feceb66ffc8],postal_code,90210,[REDACTED:5feceb66ffc8],https://api.zippopotam.us/us/90210,[REDACTED:5feceb66ffc8],request.path.segment[2],[REDACTED:5feceb66ffc8],str,CONFIRMED,"Recorded documented API action intent and exact request slot; Explicit search/filter or entity input, independent of converter output."
REAL100-058,REAL100-058:api-action:1:selected_response_identity,EXISTING_DATA,[REDACTED:6b86b273ff34],selected_response_identity,Beverly%20Hills,[REDACTED:6b86b273ff34],https://api.zippopotam.us/us/CA/Beverly%20Hills,[REDACTED:5feceb66ffc8],request.path.segment[3],[REDACTED:6b86b273ff34],str,CONFIRMED,"Recorded documented API action intent and exact request slot; {""value"": ""Beverly Hills"", ""source_step"": 0, ""source_url"": ""https://api.zippopotam.us/us/90210"", ""source_response_path"": [""places"", 0, ""place name""], ""selected_dict_key_index"": null, ""classification"": ""EXISTING_DATA"", ""reason"": ""Explicit documented read-workflow selection from the preceding real response; existing catalog identity, except explicitly issued session token.""}"
REAL100-059,REAL100-059:api-action:0:filter[type],USER_INPUT,[REDACTED:5feceb66ffc8],filter[type],"0,1",[REDACTED:5feceb66ffc8],"https://api-v3.mbta.com/routes?filter[type]=0,1&fields[route]=long_name",[REDACTED:5feceb66ffc8],request.query[0].filter[type],[REDACTED:5feceb66ffc8],str,CONFIRMED,"Recorded documented API action intent and exact request slot; Explicit search/filter or entity input, independent of converter output."
REAL100-059,REAL100-059:api-action:1:selected_response_identity,EXISTING_DATA,[REDACTED:6b86b273ff34],selected_response_identity,Red,[REDACTED:6b86b273ff34],https://api-v3.mbta.com/stops?filter[route]=Red&page[limit]=3,[REDACTED:5feceb66ffc8],request.query[0].filter[route],[REDACTED:6b86b273ff34],str,CONFIRMED,"Recorded documented API action intent and exact request slot; {""value"": ""Red"", ""source_step"": 0, ""source_url"": ""https://api-v3.mbta.com/routes?filter[type]=0,1&fields[route]=long_name"", ""source_response_path"": [""data"", 0, ""id""], ""selected_dict_key_index"": null, ""classification"": ""EXISTING_DATA"", ""reason"": ""Explicit documented read-workflow selection from the preceding real response; existing catalog identity, except explicitly issued session token.""}"
REAL100-060,REAL100-060:api-action:1:selected_response_identity,EXISTING_DATA,[REDACTED:6b86b273ff34],selected_response_identity,1035880,[REDACTED:6b86b273ff34],https://api-v3.mbta.com/alerts/1035880,[REDACTED:5feceb66ffc8],request.path.segment[2],[REDACTED:6b86b273ff34],str,CONFIRMED,"Recorded documented API action intent and exact request slot; {""value"": ""1035880"", ""source_step"": 0, ""source_url"": ""https://api-v3.mbta.com/alerts?page[limit]=2"", ""source_response_path"": [""data"", 0, ""id""], ""selected_dict_key_index"": null, ""classification"": ""EXISTING_DATA"", ""reason"": ""Explicit documented read-workflow selection from the preceding real response; existing catalog identity, except explicitly issued session token.""}"
REAL100-061,REAL100-061:api-action:0:query,USER_INPUT,[REDACTED:5feceb66ffc8],query,Basel,[REDACTED:5feceb66ffc8],https://transport.opendata.ch/v1/locations?query=Basel,[REDACTED:5feceb66ffc8],request.query[0].query,[REDACTED:5feceb66ffc8],str,CONFIRMED,"Recorded documented API action intent and exact request slot; Explicit search/filter or entity input, independent of converter output."
REAL100-061,REAL100-061:api-action:1:selected_response_identity,EXISTING_DATA,[REDACTED:6b86b273ff34],selected_response_identity,8500010,[REDACTED:6b86b273ff34],https://transport.opendata.ch/v1/stationboard?id=8500010&limit=2,[REDACTED:5feceb66ffc8],request.query[0].id,[REDACTED:6b86b273ff34],str,CONFIRMED,"Recorded documented API action intent and exact request slot; {""value"": ""8500010"", ""source_step"": 0, ""source_url"": ""https://transport.opendata.ch/v1/locations?query=Basel"", ""source_response_path"": [""stations"", 0, ""id""], ""selected_dict_key_index"": null, ""classification"": ""EXISTING_DATA"", ""reason"": ""Explicit documented read-workflow selection from the preceding real response; existing catalog identity, except explicitly issued session token.""}"
REAL100-062,REAL100-062:api-action:1:selected_response_identity,EXISTING_DATA,[REDACTED:6b86b273ff34],selected_response_identity,AHO,[REDACTED:6b86b273ff34],https://rata.digitraffic.fi/api/v1/live-trains/station/AHO?arrived_trains=2&arriving_trains=2&departed_trains=0&departing_trains=0,[REDACTED:5feceb66ffc8],request.path.segment[5],[REDACTED:6b86b273ff34],str,CONFIRMED,"Recorded documented API action intent and exact request slot; {""value"": ""AHO"", ""source_step"": 0, ""source_url"": ""https://rata.digitraffic.fi/api/v1/metadata/stations"", ""source_response_path"": [0, ""stationShortCode""], ""selected_dict_key_index"": null, ""classification"": ""EXISTING_DATA"", ""reason"": ""Explicit documented read-workflow selection from the preceding real response; existing catalog identity, except explicitly issued session token.""}"
REAL100-063,REAL100-063:api-action:0:query,USER_INPUT,[REDACTED:5feceb66ffc8],query,apple,[REDACTED:5feceb66ffc8],https://api.nal.usda.gov/fdc/v1/foods/search?api_key=DEMO_KEY&query=apple&pageSize=2,[REDACTED:5feceb66ffc8],request.query[1].query,[REDACTED:5feceb66ffc8],str,CONFIRMED,"Recorded documented API action intent and exact request slot; Explicit search/filter or entity input, independent of converter output."
REAL100-063,REAL100-063:api-action:1:selected_response_identity,EXISTING_DATA,[REDACTED:6b86b273ff34],selected_response_identity,454004,[REDACTED:6b86b273ff34],https://api.nal.usda.gov/fdc/v1/food/454004?api_key=DEMO_KEY,[REDACTED:5feceb66ffc8],request.path.segment[4],[REDACTED:6b86b273ff34],str,CONFIRMED,"Recorded documented API action intent and exact request slot; {""value"": 454004, ""source_step"": 0, ""source_url"": ""https://api.nal.usda.gov/fdc/v1/foods/search?api_key=DEMO_KEY&query=apple&pageSize=2"", ""source_response_path"": [""foods"", 0, ""fdcId""], ""selected_dict_key_index"": null, ""classification"": ""EXISTING_DATA"", ""reason"": ""Explicit documented read-workflow selection from the preceding real response; existing catalog identity, except explicitly issued session token.""}"
REAL100-064,REAL100-064:api-action:0:player,USER_INPUT,[REDACTED:5feceb66ffc8],player,hikaru,[REDACTED:5feceb66ffc8],https://api.chess.com/pub/player/hikaru,[REDACTED:5feceb66ffc8],request.path.segment[3],[REDACTED:5feceb66ffc8],str,CONFIRMED,"Recorded documented API action intent and exact request slot; Explicit search/filter or entity input, independent of converter output."
REAL100-064,REAL100-064:api-action:2:selected_response_identity,EXISTING_DATA,[REDACTED:d4735e3a265e],selected_response_identity,https://api.chess.com/pub/player/hikaru/games/2014/01,[REDACTED:d4735e3a265e],https://api.chess.com/pub/player/hikaru/games/2014/01,[REDACTED:6b86b273ff34],request.url.response_selected,[REDACTED:d4735e3a265e],str,CONFIRMED,"Recorded documented API action intent and exact request slot; {""value"": ""https://api.chess.com/pub/player/hikaru/games/2014/01"", ""source_step"": 1, ""source_url"": ""https://api.chess.com/pub/player/hikaru/games/archives"", ""source_response_path"": [""archives"", 0], ""selected_dict_key_index"": null, ""classification"": ""EXISTING_DATA"", ""reason"": ""Explicit documented read-workflow selection from the preceding real response; existing catalog identity, except explicitly issued session token.""}"
REAL100-065,REAL100-065:api-action:0:player,USER_INPUT,[REDACTED:5feceb66ffc8],player,thibault,[REDACTED:5feceb66ffc8],https://lichess.org/api/user/thibault,[REDACTED:5feceb66ffc8],request.path.segment[3],[REDACTED:5feceb66ffc8],str,CONFIRMED,"Recorded documented API action intent and exact request slot; Explicit search/filter or entity input, independent of converter output."
REAL100-065,REAL100-065:api-action:1:selected_response_identity,EXISTING_DATA,[REDACTED:6b86b273ff34],selected_response_identity,thibault,[REDACTED:6b86b273ff34],https://lichess.org/api/user/thibault/rating-history,[REDACTED:5feceb66ffc8],request.path.segment[3],[REDACTED:6b86b273ff34],str,CONFIRMED,"Recorded documented API action intent and exact request slot; {""value"": ""thibault"", ""source_step"": 0, ""source_url"": ""https://lichess.org/api/user/thibault"", ""source_response_path"": [""id""], ""selected_dict_key_index"": null, ""classification"": ""EXISTING_DATA"", ""reason"": ""Explicit documented read-workflow selection from the preceding real response; existing catalog identity, except explicitly issued session token.""}"
REAL100-066,REAL100-066:api-action:0:season,USER_INPUT,[REDACTED:5feceb66ffc8],season,2024,[REDACTED:5feceb66ffc8],https://api.jolpi.ca/ergast/f1/2024/drivers.json?limit=2,[REDACTED:5feceb66ffc8],request.path.segment[3],[REDACTED:5feceb66ffc8],str,CONFIRMED,"Recorded documented API action intent and exact request slot; Explicit search/filter or entity input, independent of converter output."
REAL100-066,REAL100-066:api-action:1:selected_response_identity,EXISTING_DATA,[REDACTED:6b86b273ff34],selected_response_identity,albon,[REDACTED:6b86b273ff34],https://api.jolpi.ca/ergast/f1/2024/drivers/albon/results.json?limit=2,[REDACTED:5feceb66ffc8],request.path.segment[5],[REDACTED:6b86b273ff34],str,CONFIRMED,"Recorded documented API action intent and exact request slot; {""value"": ""albon"", ""source_step"": 0, ""source_url"": ""https://api.jolpi.ca/ergast/f1/2024/drivers.json?limit=2"", ""source_response_path"": [""MRData"", ""DriverTable"", ""Drivers"", 0, ""driverId""], ""selected_dict_key_index"": null, ""classification"": ""EXISTING_DATA"", ""reason"": ""Explicit documented read-workflow selection from the preceding real response; existing catalog identity, except explicitly issued session token.""}"
REAL100-067,REAL100-067:api-action:0:season,USER_INPUT,[REDACTED:5feceb66ffc8],season,2024,[REDACTED:5feceb66ffc8],https://api.jolpi.ca/ergast/f1/2024/circuits.json?limit=2,[REDACTED:5feceb66ffc8],request.path.segment[3],[REDACTED:5feceb66ffc8],str,CONFIRMED,"Recorded documented API action intent and exact request slot; Explicit search/filter or entity input, independent of converter output."
REAL100-067,REAL100-067:api-action:1:selected_response_identity,EXISTING_DATA,[REDACTED:6b86b273ff34],selected_response_identity,albert_park,[REDACTED:6b86b273ff34],https://api.jolpi.ca/ergast/f1/circuits/albert_park.json,[REDACTED:5feceb66ffc8],request.path.component:selected_response_identity,[REDACTED:6b86b273ff34],str,CONFIRMED,"Recorded documented API action intent and exact request slot; {""value"": ""albert_park"", ""source_step"": 0, ""source_url"": ""https://api.jolpi.ca/ergast/f1/2024/circuits.json?limit=2"", ""source_response_path"": [""MRData"", ""CircuitTable"", ""Circuits"", 0, ""circuitId""], ""selected_dict_key_index"": null, ""classification"": ""EXISTING_DATA"", ""reason"": ""Explicit documented read-workflow selection from the preceding real response; existing catalog identity, except explicitly issued session token.""}"
REAL100-068,REAL100-068:api-action:0:year,USER_INPUT,[REDACTED:5feceb66ffc8],year,2024,[REDACTED:5feceb66ffc8],https://api.openf1.org/v1/sessions?year=2024&country_name=United%20Kingdom,[REDACTED:5feceb66ffc8],request.query[0].year,[REDACTED:5feceb66ffc8],str,CONFIRMED,"Recorded documented API action intent and exact request slot; Explicit search/filter or entity input, independent of converter output."
REAL100-068,REAL100-068:api-action:0:country_name,USER_INPUT,[REDACTED:5feceb66ffc8],country_name,United Kingdom,[REDACTED:5feceb66ffc8],https://api.openf1.org/v1/sessions?year=2024&country_name=United%20Kingdom,[REDACTED:5feceb66ffc8],request.query[1].country_name,[REDACTED:5feceb66ffc8],str,CONFIRMED,"Recorded documented API action intent and exact request slot; Explicit search/filter or entity input, independent of converter output."
REAL100-068,REAL100-068:api-action:1:selected_response_identity,EXISTING_DATA,[REDACTED:6b86b273ff34],selected_response_identity,[REDACTED:2d7653f05e02],[REDACTED:6b86b273ff34],https://api.openf1.org/v1/drivers?session_key=9551,[REDACTED:5feceb66ffc8],request.query[0].session_key,[REDACTED:6b86b273ff34],str,CONFIRMED,"Recorded documented API action intent and exact request slot; {""value"": 9551, ""source_step"": 0, ""source_url"": ""https://api.openf1.org/v1/sessions?year=2024&country_name=United%20Kingdom"", ""source_response_path"": [0, ""session_key""], ""selected_dict_key_index"": null, ""classification"": ""EXISTING_DATA"", ""reason"": ""Explicit documented read-workflow selection from the preceding real response; existing catalog identity, except explicitly issued session token.""}"
REAL100-069,REAL100-069:api-action:0:q,USER_INPUT,[REDACTED:5feceb66ffc8],q,health,[REDACTED:5feceb66ffc8],https://ckan.publishing.service.gov.uk/api/3/action/package_search?q=health&rows=2,[REDACTED:5feceb66ffc8],request.query[0].q,[REDACTED:5feceb66ffc8],str,CONFIRMED,"Recorded documented API action intent and exact request slot; Explicit search/filter or entity input, independent of converter output."
REAL100-069,REAL100-069:api-action:1:selected_response_identity,EXISTING_DATA,[REDACTED:6b86b273ff34],selected_response_identity,d44b4f65-563a-4e3c-9a01-f51b4a4dbdd2,[REDACTED:6b86b273ff34],https://ckan.publishing.service.gov.uk/api/3/action/package_show?id=d44b4f65-563a-4e3c-9a01-f51b4a4dbdd2,[REDACTED:5feceb66ffc8],request.query[0].id,[REDACTED:6b86b273ff34],str,CONFIRMED,"Recorded documented API action intent and exact request slot; {""value"": ""d44b4f65-563a-4e3c-9a01-f51b4a4dbdd2"", ""source_step"": 0, ""source_url"": ""https://ckan.publishing.service.gov.uk/api/3/action/package_search?q=health&rows=2"", ""source_response_path"": [""result"", ""results"", 0, ""id""], ""selected_dict_key_index"": null, ""classification"": ""EXISTING_DATA"", ""reason"": ""Explicit documented read-workflow selection from the preceding real response; existing catalog identity, except explicitly issued session token.""}"
REAL100-070,REAL100-070:api-action:1:selected_response_identity,EXISTING_DATA,[REDACTED:6b86b273ff34],selected_response_identity,aberdeen-city-council,[REDACTED:6b86b273ff34],https://ckan.publishing.service.gov.uk/api/3/action/organization_show?id=aberdeen-city-council&include_datasets=true,[REDACTED:5feceb66ffc8],request.query[0].id,[REDACTED:6b86b273ff34],str,CONFIRMED,"Recorded documented API action intent and exact request slot; {""value"": ""aberdeen-city-council"", ""source_step"": 0, ""source_url"": ""https://ckan.publishing.service.gov.uk/api/3/action/organization_list?limit=2"", ""source_response_path"": [""result"", 0], ""selected_dict_key_index"": null, ""classification"": ""EXISTING_DATA"", ""reason"": ""Explicit documented read-workflow selection from the preceding real response; existing catalog identity, except explicitly issued session token.""}"
REAL100-071,REAL100-071:api-action:0:srsearch,USER_INPUT,[REDACTED:5feceb66ffc8],srsearch,Performance engineering,[REDACTED:5feceb66ffc8],https://en.wikipedia.org/w/api.php?action=query&list=search&srsearch=Performance+engineering&format=json&srlimit=2,[REDACTED:5feceb66ffc8],request.query[2].srsearch,[REDACTED:5feceb66ffc8],str,CONFIRMED,"Recorded documented API action intent and exact request slot; Explicit search/filter or entity input, independent of converter output."
REAL100-071,REAL100-071:api-action:1:selected_response_identity,EXISTING_DATA,[REDACTED:6b86b273ff34],selected_response_identity,6615610,[REDACTED:6b86b273ff34],https://en.wikipedia.org/w/api.php?action=query&prop=info|revisions&pageids=6615610&rvprop=timestamp|ids&format=json,[REDACTED:5feceb66ffc8],request.query[2].pageids,[REDACTED:6b86b273ff34],str,CONFIRMED,"Recorded documented API action intent and exact request slot; {""value"": 6615610, ""source_step"": 0, ""source_url"": ""https://en.wikipedia.org/w/api.php?action=query&list=search&srsearch=Performance+engineering&format=json&srlimit=2"", ""source_response_path"": [""query"", ""search"", 0, ""pageid""], ""selected_dict_key_index"": null, ""classification"": ""EXISTING_DATA"", ""reason"": ""Explicit documented read-workflow selection from the preceding real response; existing catalog identity, except explicitly issued session token.""}"
REAL100-072,REAL100-072:api-action:0:$where,USER_INPUT,[REDACTED:5feceb66ffc8],$where,year=2024,[REDACTED:5feceb66ffc8],https://data.cityofchicago.org/resource/ijzp-q8t2.json?$limit=2&$where=year=2024,[REDACTED:5feceb66ffc8],request.query[1].$where,[REDACTED:5feceb66ffc8],str,CONFIRMED,"Recorded documented API action intent and exact request slot; Explicit search/filter or entity input, independent of converter output."
REAL100-072,REAL100-072:api-action:1:selected_response_identity,EXISTING_DATA,[REDACTED:6b86b273ff34],selected_response_identity,13773031,[REDACTED:6b86b273ff34],https://data.cityofchicago.org/resource/ijzp-q8t2.json?id=13773031,[REDACTED:5feceb66ffc8],request.query[0].id,[REDACTED:6b86b273ff34],str,CONFIRMED,"Recorded documented API action intent and exact request slot; {""value"": ""13773031"", ""source_step"": 0, ""source_url"": ""https://data.cityofchicago.org/resource/ijzp-q8t2.json?$limit=2&$where=year=2024"", ""source_response_path"": [0, ""id""], ""selected_dict_key_index"": null, ""classification"": ""EXISTING_DATA"", ""reason"": ""Explicit documented read-workflow selection from the preceding real response; existing catalog identity, except explicitly issued session token.""}"
REAL100-073,REAL100-073:api-action:0:ml,USER_INPUT,[REDACTED:5feceb66ffc8],ml,engineering,[REDACTED:5feceb66ffc8],https://api.datamuse.com/words?ml=engineering&max=3,[REDACTED:5feceb66ffc8],request.query[0].ml,[REDACTED:5feceb66ffc8],str,CONFIRMED,"Recorded documented API action intent and exact request slot; Explicit search/filter or entity input, independent of converter output."
REAL100-073,REAL100-073:api-action:1:selected_response_identity,EXISTING_DATA,[REDACTED:6b86b273ff34],selected_response_identity,technology,[REDACTED:6b86b273ff34],https://api.datamuse.com/words?rel_syn=technology&max=3,[REDACTED:5feceb66ffc8],request.query[0].rel_syn,[REDACTED:6b86b273ff34],str,CONFIRMED,"Recorded documented API action intent and exact request slot; {""value"": ""technology"", ""source_step"": 0, ""source_url"": ""https://api.datamuse.com/words?ml=engineering&max=3"", ""source_response_path"": [0, ""word""], ""selected_dict_key_index"": null, ""classification"": ""EXISTING_DATA"", ""reason"": ""Explicit documented read-workflow selection from the preceding real response; existing catalog identity, except explicitly issued session token.""}"
REAL100-074,REAL100-074:api-action:1:selected_response_identity,EXISTING_DATA,[REDACTED:6b86b273ff34],selected_response_identity,9,[REDACTED:6b86b273ff34],https://opentdb.com/api.php?amount=3&category=9&type=multiple,[REDACTED:5feceb66ffc8],request.query[1].category,[REDACTED:6b86b273ff34],str,CONFIRMED,"Recorded documented API action intent and exact request slot; {""value"": 9, ""source_step"": 0, ""source_url"": ""https://opentdb.com/api_category.php"", ""source_response_path"": [""trivia_categories"", 0, ""id""], ""selected_dict_key_index"": null, ""classification"": ""EXISTING_DATA"", ""reason"": ""Explicit documented read-workflow selection from the preceding real response; existing catalog identity, except explicitly issued session token.""}"
REAL100-075,REAL100-075:api-action:1:selected_response_identity,EXISTING_DATA,[REDACTED:6b86b273ff34],selected_response_identity,recall_number:Z-2372-2023,[REDACTED:6b86b273ff34],https://api.fda.gov/device/enforcement.json?search=recall_number:Z-2372-2023&limit=1,[REDACTED:5feceb66ffc8],request.query[0].search,[REDACTED:6b86b273ff34],str,CONFIRMED,"Recorded documented API action intent and exact request slot; {""value"": ""Z-2372-2023"", ""source_step"": 0, ""source_url"": ""https://api.fda.gov/device/enforcement.json?limit=2"", ""source_response_path"": [""results"", 0, ""recall_number""], ""selected_dict_key_index"": null, ""classification"": ""EXISTING_DATA"", ""reason"": ""Explicit documented read-workflow selection from the preceding real response; existing catalog identity, except explicitly issued session token.""}"
REAL100-076,REAL100-076:api-action:1:selected_response_identity,EXISTING_DATA,[REDACTED:6b86b273ff34],selected_response_identity,recall_number:F-0276-2017,[REDACTED:6b86b273ff34],https://api.fda.gov/food/enforcement.json?search=recall_number:F-0276-2017&limit=1,[REDACTED:5feceb66ffc8],request.query[0].search,[REDACTED:6b86b273ff34],str,CONFIRMED,"Recorded documented API action intent and exact request slot; {""value"": ""F-0276-2017"", ""source_step"": 0, ""source_url"": ""https://api.fda.gov/food/enforcement.json?limit=2"", ""source_response_path"": [""results"", 0, ""recall_number""], ""selected_dict_key_index"": null, ""classification"": ""EXISTING_DATA"", ""reason"": ""Explicit documented read-workflow selection from the preceding real response; existing catalog identity, except explicitly issued session token.""}"
REAL100-077,REAL100-077:api-action:0:filter[route],USER_INPUT,[REDACTED:5feceb66ffc8],filter[route],Red,[REDACTED:5feceb66ffc8],https://api-v3.mbta.com/stops?filter[route]=Red&page[limit]=2,[REDACTED:5feceb66ffc8],request.query[0].filter[route],[REDACTED:5feceb66ffc8],str,CONFIRMED,"Recorded documented API action intent and exact request slot; Explicit search/filter or entity input, independent of converter output."
REAL100-077,REAL100-077:api-action:1:selected_response_identity,EXISTING_DATA,[REDACTED:6b86b273ff34],selected_response_identity,place-alfcl,[REDACTED:6b86b273ff34],https://api-v3.mbta.com/schedules?filter[stop]=place-alfcl&page[limit]=2,[REDACTED:5feceb66ffc8],request.query[0].filter[stop],[REDACTED:6b86b273ff34],str,CONFIRMED,"Recorded documented API action intent and exact request slot; {""value"": ""place-alfcl"", ""source_step"": 0, ""source_url"": ""https://api-v3.mbta.com/stops?filter[route]=Red&page[limit]=2"", ""source_response_path"": [""data"", 0, ""id""], ""selected_dict_key_index"": null, ""classification"": ""EXISTING_DATA"", ""reason"": ""Explicit documented read-workflow selection from the preceding real response; existing catalog identity, except explicitly issued session token.""}"
REAL100-078,REAL100-078:api-action:1:selected_response_identity,EXISTING_DATA,[REDACTED:6b86b273ff34],selected_response_identity,00,[REDACTED:6b86b273ff34],https://api.exchange.coinbase.com/currencies/00,[REDACTED:5feceb66ffc8],request.path.segment[2],[REDACTED:6b86b273ff34],str,CONFIRMED,"Recorded documented API action intent and exact request slot; {""value"": ""00"", ""source_step"": 0, ""source_url"": ""https://api.exchange.coinbase.com/currencies"", ""source_response_path"": [0, ""id""], ""selected_dict_key_index"": null, ""classification"": ""EXISTING_DATA"", ""reason"": ""Explicit documented read-workflow selection from the preceding real response; existing catalog identity, except explicitly issued session token.""}"
REAL100-079,REAL100-079:api-action:0:name,USER_INPUT,[REDACTED:5feceb66ffc8],name,Abra,[REDACTED:5feceb66ffc8],https://www.marinespecies.org/rest/AphiaRecordsByName/Abra?like=false&marine_only=true,[REDACTED:5feceb66ffc8],request.path.segment[3],[REDACTED:5feceb66ffc8],str,CONFIRMED,"Recorded documented API action intent and exact request slot; Explicit search/filter or entity input, independent of converter output."
REAL100-079,REAL100-079:api-action:1:selected_response_identity,EXISTING_DATA,[REDACTED:6b86b273ff34],selected_response_identity,138474,[REDACTED:6b86b273ff34],https://www.marinespecies.org/rest/AphiaChildrenByAphiaID/138474?marine_only=true,[REDACTED:5feceb66ffc8],request.path.segment[3],[REDACTED:6b86b273ff34],str,CONFIRMED,"Recorded documented API action intent and exact request slot; {""value"": 138474, ""source_step"": 0, ""source_url"": ""https://www.marinespecies.org/rest/AphiaRecordsByName/Abra?like=false&marine_only=true"", ""source_response_path"": [0, ""AphiaID""], ""selected_dict_key_index"": null, ""classification"": ""EXISTING_DATA"", ""reason"": ""Explicit documented read-workflow selection from the preceding real response; existing catalog identity, except explicitly issued session token.""}"
REAL100-080,REAL100-080:api-action:0:srchKey,USER_INPUT,[REDACTED:5feceb66ffc8],srchKey,white oak,[REDACTED:5feceb66ffc8],https://www.itis.gov/ITISWebService/jsonservice/searchByCommonName?srchKey=white%20oak,[REDACTED:5feceb66ffc8],request.query[0].srchKey,[REDACTED:5feceb66ffc8],str,CONFIRMED,"Recorded documented API action intent and exact request slot; Explicit search/filter or entity input, independent of converter output."
REAL100-080,REAL100-080:api-action:1:selected_response_identity,EXISTING_DATA,[REDACTED:6b86b273ff34],selected_response_identity,702782,[REDACTED:6b86b273ff34],https://www.itis.gov/ITISWebService/jsonservice/getFullHierarchyFromTSN?tsn=702782,[REDACTED:5feceb66ffc8],request.query[0].tsn,[REDACTED:6b86b273ff34],str,CONFIRMED,"Recorded documented API action intent and exact request slot; {""value"": ""702782"", ""source_step"": 0, ""source_url"": ""https://www.itis.gov/ITISWebService/jsonservice/searchByCommonName?srchKey=white%20oak"", ""source_response_path"": [""commonNames"", 0, ""tsn""], ""selected_dict_key_index"": null, ""classification"": ""EXISTING_DATA"", ""reason"": ""Explicit documented read-workflow selection from the preceding real response; existing catalog identity, except explicitly issued session token.""}"
REAL100-081,REAL100-081:api-action:0:q,USER_INPUT,[REDACTED:5feceb66ffc8],q,birds,[REDACTED:5feceb66ffc8],https://api.inaturalist.org/v1/projects?q=birds&per_page=2,[REDACTED:5feceb66ffc8],request.query[0].q,[REDACTED:5feceb66ffc8],str,CONFIRMED,"Recorded documented API action intent and exact request slot; Explicit search/filter or entity input, independent of converter output."
REAL100-081,REAL100-081:api-action:1:selected_response_identity,EXISTING_DATA,[REDACTED:6b86b273ff34],selected_response_identity,2792,[REDACTED:6b86b273ff34],https://api.inaturalist.org/v1/projects/2792,[REDACTED:5feceb66ffc8],request.path.segment[3],[REDACTED:6b86b273ff34],str,CONFIRMED,"Recorded documented API action intent and exact request slot; {""value"": 2792, ""source_step"": 0, ""source_url"": ""https://api.inaturalist.org/v1/projects?q=birds&per_page=2"", ""source_response_path"": [""results"", 0, ""id""], ""selected_dict_key_index"": null, ""classification"": ""EXISTING_DATA"", ""reason"": ""Explicit documented read-workflow selection from the preceding real response; existing catalog identity, except explicitly issued session token.""}"
REAL100-082,REAL100-082:api-action:0:prefix,USER_INPUT,[REDACTED:5feceb66ffc8],prefix,SW1A,[REDACTED:5feceb66ffc8],https://api.postcodes.io/postcodes/SW1A/autocomplete,[REDACTED:5feceb66ffc8],request.path.segment[2],[REDACTED:5feceb66ffc8],str,CONFIRMED,"Recorded documented API action intent and exact request slot; Explicit search/filter or entity input, independent of converter output."
REAL100-082,REAL100-082:api-action:1:selected_response_identity,EXISTING_DATA,[REDACTED:6b86b273ff34],selected_response_identity,SW1A%200AA,[REDACTED:6b86b273ff34],https://api.postcodes.io/postcodes/SW1A%200AA,[REDACTED:5feceb66ffc8],request.path.segment[2],[REDACTED:6b86b273ff34],str,CONFIRMED,"Recorded documented API action intent and exact request slot; {""value"": ""SW1A 0AA"", ""source_step"": 0, ""source_url"": ""https://api.postcodes.io/postcodes/SW1A/autocomplete"", ""source_response_path"": [""result"", 0], ""selected_dict_key_index"": null, ""classification"": ""EXISTING_DATA"", ""reason"": ""Explicit documented read-workflow selection from the preceding real response; existing catalog identity, except explicitly issued session token.""}"
REAL100-083,REAL100-083:api-action:0:query,USER_INPUT,[REDACTED:5feceb66ffc8],query,artist:Beethoven,[REDACTED:5feceb66ffc8],https://musicbrainz.org/ws/2/artist/?query=artist:Beethoven&fmt=json&limit=2,[REDACTED:5feceb66ffc8],request.query[0].query,[REDACTED:5feceb66ffc8],str,CONFIRMED,"Recorded documented API action intent and exact request slot; Explicit search/filter or entity input, independent of converter output."
REAL100-083,REAL100-083:api-action:1:selected_response_identity,SELECTED_EXISTING_DATA,[REDACTED:6b86b273ff34],selected_response_identity,1f9df192-a621-4f54-8850-2c5373b7eac9,[REDACTED:6b86b273ff34],https://musicbrainz.org/ws/2/artist/1f9df192-a621-4f54-8850-2c5373b7eac9?inc=recordings&fmt=json,[REDACTED:5feceb66ffc8],request.path.segment[4],[REDACTED:6b86b273ff34],str,CONFIRMED,"Recorded documented API action intent and exact request slot; {""value"": ""1f9df192-a621-4f54-8850-2c5373b7eac9"", ""source_step"": 0, ""source_url"": ""https://musicbrainz.org/ws/2/artist/?query=artist:Beethoven&fmt=json&limit=2"", ""source_response_path"": [""artists"", 0, ""id""], ""selected_dict_key_index"": null, ""known_transform"": ""identity"", ""consumer_spelling"": ""1f9df192-a621-4f54-8850-2c5373b7eac9"", ""classification"": ""SELECTED_EXISTING_DATA"", ""reason"": ""Explicit documented read-workflow selection from the preceding real response; existing catalog identity, except explicitly issued session token.""}"
REAL100-084,REAL100-084:api-action:0:name,USER_INPUT,[REDACTED:5feceb66ffc8],name,Marie,[REDACTED:5feceb66ffc8],https://api.nobelprize.org/2.1/laureates?limit=2&name=Marie,[REDACTED:5feceb66ffc8],request.query[1].name,[REDACTED:5feceb66ffc8],str,CONFIRMED,"Recorded documented API action intent and exact request slot; Explicit search/filter or entity input, independent of converter output."
REAL100-084,REAL100-084:api-action:1:selected_response_identity,SELECTED_EXISTING_DATA,[REDACTED:6b86b273ff34],selected_response_identity,475,[REDACTED:6b86b273ff34],https://api.nobelprize.org/2.1/laureate/475,[REDACTED:5feceb66ffc8],request.path.segment[3],[REDACTED:6b86b273ff34],str,CONFIRMED,"Recorded documented API action intent and exact request slot; {""value"": ""475"", ""source_step"": 0, ""source_url"": ""https://api.nobelprize.org/2.1/laureates?limit=2&name=Marie"", ""source_response_path"": [""laureates"", 0, ""id""], ""selected_dict_key_index"": null, ""known_transform"": ""identity"", ""consumer_spelling"": ""475"", ""classification"": ""SELECTED_EXISTING_DATA"", ""reason"": ""Explicit documented read-workflow selection from the preceding real response; existing catalog identity, except explicitly issued session token.""}"
REAL100-085,REAL100-085:api-action:0:intitle,USER_INPUT,[REDACTED:5feceb66ffc8],intitle,performance,[REDACTED:5feceb66ffc8],https://api.stackexchange.com/2.3/search?order=desc&sort=activity&intitle=performance&site=stackoverflow&pagesize=2,[REDACTED:5feceb66ffc8],request.query[2].intitle,[REDACTED:5feceb66ffc8],str,CONFIRMED,"Recorded documented API action intent and exact request slot; Explicit search/filter or entity input, independent of converter output."
REAL100-085,REAL100-085:api-action:1:selected_response_identity,SELECTED_EXISTING_DATA,[REDACTED:6b86b273ff34],selected_response_identity,80008736,[REDACTED:6b86b273ff34],https://api.stackexchange.com/2.3/questions/80008736/answers?site=stackoverflow&pagesize=2,[REDACTED:5feceb66ffc8],request.path.segment[3],[REDACTED:6b86b273ff34],str,CONFIRMED,"Recorded documented API action intent and exact request slot; {""value"": 80008736, ""source_step"": 0, ""source_url"": ""https://api.stackexchange.com/2.3/search?order=desc&sort=activity&intitle=performance&site=stackoverflow&pagesize=2"", ""source_response_path"": [""items"", 0, ""question_id""], ""selected_dict_key_index"": null, ""known_transform"": ""identity"", ""consumer_spelling"": ""80008736"", ""classification"": ""SELECTED_EXISTING_DATA"", ""reason"": ""Explicit documented read-workflow selection from the preceding real response; existing catalog identity, except explicitly issued session token.""}"
REAL100-086,REAL100-086:api-action:0:search,USER_INPUT,[REDACTED:5feceb66ffc8],search,gitlab-runner,[REDACTED:5feceb66ffc8],https://gitlab.com/api/v4/projects?search=gitlab-runner&per_page=2,[REDACTED:5feceb66ffc8],request.query[0].search,[REDACTED:5feceb66ffc8],str,CONFIRMED,"Recorded documented API action intent and exact request slot; Explicit search/filter or entity input, independent of converter output."
REAL100-086,REAL100-086:api-action:1:selected_response_identity,SELECTED_EXISTING_DATA,[REDACTED:6b86b273ff34],selected_response_identity,87382684,[REDACTED:6b86b273ff34],https://gitlab.com/api/v4/projects/87382684,[REDACTED:5feceb66ffc8],request.path.segment[4],[REDACTED:6b86b273ff34],str,CONFIRMED,"Recorded documented API action intent and exact request slot; {""value"": 87382684, ""source_step"": 0, ""source_url"": ""https://gitlab.com/api/v4/projects?search=gitlab-runner&per_page=2"", ""source_response_path"": [0, ""id""], ""selected_dict_key_index"": null, ""known_transform"": ""identity"", ""consumer_spelling"": ""87382684"", ""classification"": ""SELECTED_EXISTING_DATA"", ""reason"": ""Explicit documented read-workflow selection from the preceding real response; existing catalog identity, except explicitly issued session token.""}"
REAL100-087,REAL100-087:api-action:0:q,USER_INPUT,[REDACTED:5feceb66ffc8],q,title:astronomy AND mediatype:texts,[REDACTED:5feceb66ffc8],https://archive.org/advancedsearch.php?q=title%3Aastronomy+AND+mediatype%3Atexts&output=json&rows=2,[REDACTED:5feceb66ffc8],request.query[0].q,[REDACTED:5feceb66ffc8],str,CONFIRMED,"Recorded documented API action intent and exact request slot; Explicit search/filter or entity input, independent of converter output."
REAL100-087,REAL100-087:api-action:1:selected_response_identity,SELECTED_EXISTING_DATA,[REDACTED:6b86b273ff34],selected_response_identity,romanceofastrono0000flor,[REDACTED:6b86b273ff34],https://archive.org/metadata/romanceofastrono0000flor,[REDACTED:5feceb66ffc8],request.path.segment[2],[REDACTED:6b86b273ff34],str,CONFIRMED,"Recorded documented API action intent and exact request slot; {""value"": ""romanceofastrono0000flor"", ""source_step"": 0, ""source_url"": ""https://archive.org/advancedsearch.php?q=title%3Aastronomy+AND+mediatype%3Atexts&output=json&rows=2"", ""source_response_path"": [""response"", ""docs"", 0, ""identifier""], ""selected_dict_key_index"": null, ""known_transform"": ""identity"", ""consumer_spelling"": ""romanceofastrono0000flor"", ""classification"": ""SELECTED_EXISTING_DATA"", ""reason"": ""Explicit documented read-workflow selection from the preceding real response; existing catalog identity, except explicitly issued session token.""}"
REAL100-088,REAL100-088:api-action:0:q,USER_INPUT,[REDACTED:5feceb66ffc8],q,climate,[REDACTED:5feceb66ffc8],https://zenodo.org/api/records?q=climate&size=2,[REDACTED:5feceb66ffc8],request.query[0].q,[REDACTED:5feceb66ffc8],str,CONFIRMED,"Recorded documented API action intent and exact request slot; Explicit search/filter or entity input, independent of converter output."
REAL100-088,REAL100-088:api-action:1:selected_response_identity,SELECTED_EXISTING_DATA,[REDACTED:6b86b273ff34],selected_response_identity,23077368,[REDACTED:6b86b273ff34],https://zenodo.org/api/records/23077368,[REDACTED:5feceb66ffc8],request.path.segment[3],[REDACTED:6b86b273ff34],str,CONFIRMED,"Recorded documented API action intent and exact request slot; {""value"": 23077368, ""source_step"": 0, ""source_url"": ""https://zenodo.org/api/records?q=climate&size=2"", ""source_response_path"": [""hits"", ""hits"", 0, ""id""], ""selected_dict_key_index"": null, ""known_transform"": ""identity"", ""consumer_spelling"": ""23077368"", ""classification"": ""SELECTED_EXISTING_DATA"", ""reason"": ""Explicit documented read-workflow selection from the preceding real response; existing catalog identity, except explicitly issued session token.""}"
REAL100-089,REAL100-089:api-action:1:selected_response_identity,SELECTED_EXISTING_DATA,[REDACTED:6b86b273ff34],selected_response_identity,34253814,[REDACTED:6b86b273ff34],https://api.figshare.com/v2/articles/34253814,[REDACTED:5feceb66ffc8],request.path.segment[3],[REDACTED:6b86b273ff34],str,CONFIRMED,"Recorded documented API action intent and exact request slot; {""value"": 34253814, ""source_step"": 0, ""source_url"": ""https://api.figshare.com/v2/articles?page_size=2"", ""source_response_path"": [0, ""id""], ""selected_dict_key_index"": null, ""known_transform"": ""identity"", ""consumer_spelling"": ""34253814"", ""classification"": ""SELECTED_EXISTING_DATA"", ""reason"": ""Explicit documented read-workflow selection from the preceding real response; existing catalog identity, except explicitly issued session token.""}"
REAL100-090,REAL100-090:api-action:0:query,USER_INPUT,[REDACTED:5feceb66ffc8],query,University of Oxford,[REDACTED:5feceb66ffc8],https://api.ror.org/v2/organizations?query=University%20of%20Oxford,[REDACTED:5feceb66ffc8],request.query[0].query,[REDACTED:5feceb66ffc8],str,CONFIRMED,"Recorded documented API action intent and exact request slot; Explicit search/filter or entity input, independent of converter output."
REAL100-090,REAL100-090:api-action:1:selected_response_identity,SELECTED_EXISTING_DATA,[REDACTED:6b86b273ff34],selected_response_identity,052gg0110,[REDACTED:6b86b273ff34],https://api.ror.org/v2/organizations/052gg0110,[REDACTED:5feceb66ffc8],request.path.segment[3],[REDACTED:6b86b273ff34],str,CONFIRMED,"Recorded documented API action intent and exact request slot; {""value"": ""https://ror.org/052gg0110"", ""source_step"": 0, ""source_url"": ""https://api.ror.org/v2/organizations?query=University%20of%20Oxford"", ""source_response_path"": [""items"", 0, ""id""], ""selected_dict_key_index"": null, ""known_transform"": ""last_path_segment"", ""consumer_spelling"": ""052gg0110"", ""classification"": ""SELECTED_EXISTING_DATA"", ""reason"": ""Explicit documented read-workflow selection from the preceding real response; existing catalog identity, except explicitly issued session token.""}"
REAL100-091,REAL100-091:api-action:0:q,USER_INPUT,[REDACTED:5feceb66ffc8],q,population,[REDACTED:5feceb66ffc8],https://open.canada.ca/data/api/3/action/package_search?q=population&rows=2,[REDACTED:5feceb66ffc8],request.query[0].q,[REDACTED:5feceb66ffc8],str,CONFIRMED,"Recorded documented API action intent and exact request slot; Explicit search/filter or entity input, independent of converter output."
REAL100-091,REAL100-091:api-action:1:selected_response_identity,SELECTED_EXISTING_DATA,[REDACTED:6b86b273ff34],selected_response_identity,46615d41-2be3-46ff-85ca-57e7fa940c87,[REDACTED:6b86b273ff34],https://open.canada.ca/data/api/3/action/package_show?id=46615d41-2be3-46ff-85ca-57e7fa940c87,[REDACTED:5feceb66ffc8],request.query[0].id,[REDACTED:6b86b273ff34],str,CONFIRMED,"Recorded documented API action intent and exact request slot; {""value"": ""46615d41-2be3-46ff-85ca-57e7fa940c87"", ""source_step"": 0, ""source_url"": ""https://open.canada.ca/data/api/3/action/package_search?q=population&rows=2"", ""source_response_path"": [""result"", ""results"", 0, ""id""], ""selected_dict_key_index"": null, ""known_transform"": ""identity"", ""consumer_spelling"": ""46615d41-2be3-46ff-85ca-57e7fa940c87"", ""classification"": ""SELECTED_EXISTING_DATA"", ""reason"": ""Explicit documented read-workflow selection from the preceding real response; existing catalog identity, except explicitly issued session token.""}"
REAL100-092,REAL100-092:api-action:0:query,USER_INPUT,[REDACTED:5feceb66ffc8],query,painting,[REDACTED:5feceb66ffc8],https://api.europeana.eu/record/v2/search.json?wskey=apidemo&query=painting&rows=2,[REDACTED:5feceb66ffc8],request.query[1].query,[REDACTED:5feceb66ffc8],str,CONFIRMED,"Recorded documented API action intent and exact request slot; Explicit search/filter or entity input, independent of converter output."
REAL100-092,REAL100-092:api-action:1:selected_response_identity,SELECTED_EXISTING_DATA,[REDACTED:6b86b273ff34],selected_response_identity,91619/SMVK_EM_objekt_1059045,[REDACTED:6b86b273ff34],https://api.europeana.eu/record/v2/91619/SMVK_EM_objekt_1059045.json?wskey=apidemo,[REDACTED:5feceb66ffc8],request.path.component:selected_response_identity,[REDACTED:6b86b273ff34],str,CONFIRMED,"Recorded documented API action intent and exact request slot; {""value"": ""/91619/SMVK_EM_objekt_1059045"", ""source_step"": 0, ""source_url"": ""https://api.europeana.eu/record/v2/search.json?wskey=apidemo&query=painting&rows=2"", ""source_response_path"": [""items"", 0, ""id""], ""selected_dict_key_index"": null, ""known_transform"": ""strip_leading_slash"", ""consumer_spelling"": ""91619/SMVK_EM_objekt_1059045"", ""classification"": ""SELECTED_EXISTING_DATA"", ""reason"": ""Explicit documented read-workflow selection from the preceding real response; existing catalog identity, except explicitly issued session token.""}"
REAL100-093,REAL100-093:api-action:0:q,USER_INPUT,[REDACTED:5feceb66ffc8],q,name:lightning bolt,[REDACTED:5feceb66ffc8],https://api.scryfall.com/cards/search?q=name%3Alightning+bolt,[REDACTED:5feceb66ffc8],request.query[0].q,[REDACTED:5feceb66ffc8],str,CONFIRMED,"Recorded documented API action intent and exact request slot; Explicit search/filter or entity input, independent of converter output."
REAL100-093,REAL100-093:api-action:1:selected_response_identity,SELECTED_EXISTING_DATA,[REDACTED:6b86b273ff34],selected_response_identity,f58dba4f-1abb-47a3-a684-29c32bab95c0,[REDACTED:6b86b273ff34],https://api.scryfall.com/cards/f58dba4f-1abb-47a3-a684-29c32bab95c0,[REDACTED:5feceb66ffc8],request.path.segment[2],[REDACTED:6b86b273ff34],str,CONFIRMED,"Recorded documented API action intent and exact request slot; {""value"": ""f58dba4f-1abb-47a3-a684-29c32bab95c0"", ""source_step"": 0, ""source_url"": ""https://api.scryfall.com/cards/search?q=name%3Alightning+bolt"", ""source_response_path"": [""data"", 0, ""id""], ""selected_dict_key_index"": null, ""known_transform"": ""identity"", ""consumer_spelling"": ""f58dba4f-1abb-47a3-a684-29c32bab95c0"", ""classification"": ""SELECTED_EXISTING_DATA"", ""reason"": ""Explicit documented read-workflow selection from the preceding real response; existing catalog identity, except explicitly issued session token.""}"
REAL100-094,REAL100-094:api-action:0:entity,USER_INPUT,[REDACTED:5feceb66ffc8],entity,Q42,[REDACTED:5feceb66ffc8],https://www.wikidata.org/wiki/Special:EntityData/Q42.json,[REDACTED:5feceb66ffc8],request.path.component:entity,[REDACTED:5feceb66ffc8],str,CONFIRMED,"Recorded documented API action intent and exact request slot; Explicit search/filter or entity input, independent of converter output."
REAL100-094,REAL100-094:api-action:1:selected_response_identity,SELECTED_EXISTING_DATA,[REDACTED:6b86b273ff34],selected_response_identity,Q350,[REDACTED:6b86b273ff34],https://www.wikidata.org/wiki/Special:EntityData/Q350.json,[REDACTED:5feceb66ffc8],request.path.component:selected_response_identity,[REDACTED:6b86b273ff34],str,CONFIRMED,"Recorded documented API action intent and exact request slot; {""value"": ""Q350"", ""source_step"": 0, ""source_url"": ""https://www.wikidata.org/wiki/Special:EntityData/Q42.json"", ""source_response_path"": [""entities"", ""Q42"", ""claims"", ""P19"", 0, ""mainsnak"", ""datavalue"", ""value"", ""id""], ""selected_dict_key_index"": null, ""known_transform"": ""identity"", ""consumer_spelling"": ""Q350"", ""classification"": ""SELECTED_EXISTING_DATA"", ""reason"": ""Explicit documented read-workflow selection from the preceding real response; existing catalog identity, except explicitly issued session token.""}"
REAL100-095,REAL100-095:api-action:0:vulnerability,USER_INPUT,[REDACTED:5feceb66ffc8],vulnerability,GHSA-jfh8-c2jp-5v3q,[REDACTED:5feceb66ffc8],https://api.osv.dev/v1/vulns/GHSA-jfh8-c2jp-5v3q,[REDACTED:5feceb66ffc8],request.path.segment[3],[REDACTED:5feceb66ffc8],str,CONFIRMED,"Recorded documented API action intent and exact request slot; Explicit search/filter or entity input, independent of converter output."
REAL100-095,REAL100-095:api-action:1:selected_response_identity,SELECTED_EXISTING_DATA,[REDACTED:6b86b273ff34],selected_response_identity,CVE-2021-44228,[REDACTED:6b86b273ff34],https://api.osv.dev/v1/vulns/CVE-2021-44228,[REDACTED:5feceb66ffc8],request.path.segment[3],[REDACTED:6b86b273ff34],str,CONFIRMED,"Recorded documented API action intent and exact request slot; {""value"": ""CVE-2021-44228"", ""source_step"": 0, ""source_url"": ""https://api.osv.dev/v1/vulns/GHSA-jfh8-c2jp-5v3q"", ""source_response_path"": [""aliases"", 0], ""selected_dict_key_index"": null, ""known_transform"": ""identity"", ""consumer_spelling"": ""CVE-2021-44228"", ""classification"": ""SELECTED_EXISTING_DATA"", ""reason"": ""Explicit documented read-workflow selection from the preceding real response; existing catalog identity, except explicitly issued session token.""}"
REAL100-096,REAL100-096:api-action:0:query,USER_INPUT,[REDACTED:5feceb66ffc8],query,release:Symphony,[REDACTED:5feceb66ffc8],https://musicbrainz.org/ws/2/release/?query=release:Symphony&fmt=json&limit=2,[REDACTED:5feceb66ffc8],request.query[0].query,[REDACTED:5feceb66ffc8],str,CONFIRMED,"Recorded documented API action intent and exact request slot; Explicit search/filter or entity input, independent of converter output."
REAL100-096,REAL100-096:api-action:1:selected_response_identity,SELECTED_EXISTING_DATA,[REDACTED:6b86b273ff34],selected_response_identity,6f3c1c28-1ad9-45a3-83f7-b5916f52d327,[REDACTED:6b86b273ff34],https://musicbrainz.org/ws/2/release/6f3c1c28-1ad9-45a3-83f7-b5916f52d327?inc=recordings&fmt=json,[REDACTED:5feceb66ffc8],request.path.segment[4],[REDACTED:6b86b273ff34],str,CONFIRMED,"Recorded documented API action intent and exact request slot; {""value"": ""6f3c1c28-1ad9-45a3-83f7-b5916f52d327"", ""source_step"": 0, ""source_url"": ""https://musicbrainz.org/ws/2/release/?query=release:Symphony&fmt=json&limit=2"", ""source_response_path"": [""releases"", 0, ""id""], ""selected_dict_key_index"": null, ""known_transform"": ""identity"", ""consumer_spelling"": ""6f3c1c28-1ad9-45a3-83f7-b5916f52d327"", ""classification"": ""SELECTED_EXISTING_DATA"", ""reason"": ""Explicit documented read-workflow selection from the preceding real response; existing catalog identity, except explicitly issued session token.""}"
REAL100-097,REAL100-097:api-action:0:search,USER_INPUT,[REDACTED:5feceb66ffc8],search,gitlab-runner,[REDACTED:5feceb66ffc8],https://gitlab.com/api/v4/projects?search=gitlab-runner&per_page=3&order_by=star_count&sort=desc,[REDACTED:5feceb66ffc8],request.query[0].search,[REDACTED:5feceb66ffc8],str,CONFIRMED,"Recorded documented API action intent and exact request slot; Explicit search/filter or entity input, independent of converter output."
REAL100-097,REAL100-097:api-action:1:selected_response_identity,SELECTED_EXISTING_DATA,[REDACTED:6b86b273ff34],selected_response_identity,250833,[REDACTED:6b86b273ff34],https://gitlab.com/api/v4/projects/250833/repository/branches?per_page=2,[REDACTED:5feceb66ffc8],request.path.segment[4],[REDACTED:6b86b273ff34],str,CONFIRMED,"Recorded documented API action intent and exact request slot; {""value"": 250833, ""source_step"": 0, ""source_url"": ""https://gitlab.com/api/v4/projects?search=gitlab-runner&per_page=3&order_by=star_count&sort=desc"", ""source_response_path"": [0, ""id""], ""selected_dict_key_index"": null, ""known_transform"": ""identity"", ""consumer_spelling"": ""250833"", ""classification"": ""SELECTED_EXISTING_DATA"", ""reason"": ""Explicit documented read-workflow selection from the preceding real response; existing catalog identity, except explicitly issued session token.""}"
REAL100-098,REAL100-098:api-action:1:selected_response_identity,SELECTED_EXISTING_DATA,[REDACTED:6b86b273ff34],selected_response_identity,7d1e44a7-2574-45fc-bb7b-0cd20ce39776,[REDACTED:6b86b273ff34],https://zenodo.org/api/communities/7d1e44a7-2574-45fc-bb7b-0cd20ce39776,[REDACTED:5feceb66ffc8],request.path.segment[3],[REDACTED:6b86b273ff34],str,CONFIRMED,"Recorded documented API action intent and exact request slot; {""value"": ""7d1e44a7-2574-45fc-bb7b-0cd20ce39776"", ""source_step"": 0, ""source_url"": ""https://zenodo.org/api/communities?page=1&size=2"", ""source_response_path"": [""hits"", ""hits"", 0, ""id""], ""selected_dict_key_index"": null, ""known_transform"": ""identity"", ""consumer_spelling"": ""7d1e44a7-2574-45fc-bb7b-0cd20ce39776"", ""classification"": ""SELECTED_EXISTING_DATA"", ""reason"": ""Explicit documented read-workflow selection from the preceding real response; existing catalog identity, except explicitly issued session token.""}"
REAL100-099,REAL100-099:api-action:1:selected_response_identity,SELECTED_EXISTING_DATA,[REDACTED:6b86b273ff34],selected_response_identity,8762184,[REDACTED:6b86b273ff34],https://api.figshare.com/v2/collections/8762184,[REDACTED:5feceb66ffc8],request.path.segment[3],[REDACTED:6b86b273ff34],str,CONFIRMED,"Recorded documented API action intent and exact request slot; {""value"": 8762184, ""source_step"": 0, ""source_url"": ""https://api.figshare.com/v2/collections?page_size=2"", ""source_response_path"": [0, ""id""], ""selected_dict_key_index"": null, ""known_transform"": ""identity"", ""consumer_spelling"": ""8762184"", ""classification"": ""SELECTED_EXISTING_DATA"", ""reason"": ""Explicit documented read-workflow selection from the preceding real response; existing catalog identity, except explicitly issued session token.""}"
REAL100-100,REAL100-100:api-action:0:nobelPrizeYear,USER_INPUT,[REDACTED:5feceb66ffc8],nobelPrizeYear,2024,[REDACTED:5feceb66ffc8],https://api.nobelprize.org/2.1/nobelPrizes?nobelPrizeYear=2024&nobelPrizeCategory=phy&limit=1,[REDACTED:5feceb66ffc8],request.query[0].nobelPrizeYear,[REDACTED:5feceb66ffc8],str,CONFIRMED,"Recorded documented API action intent and exact request slot; Explicit search/filter or entity input, independent of converter output."
REAL100-100,REAL100-100:api-action:0:nobelPrizeCategory,USER_INPUT,[REDACTED:5feceb66ffc8],nobelPrizeCategory,phy,[REDACTED:5feceb66ffc8],https://api.nobelprize.org/2.1/nobelPrizes?nobelPrizeYear=2024&nobelPrizeCategory=phy&limit=1,[REDACTED:5feceb66ffc8],request.query[1].nobelPrizeCategory,[REDACTED:5feceb66ffc8],str,CONFIRMED,"Recorded documented API action intent and exact request slot; Explicit search/filter or entity input, independent of converter output."
REAL100-100,REAL100-100:api-action:1:selected_response_identity,SELECTED_EXISTING_DATA,[REDACTED:6b86b273ff34],selected_response_identity,1037,[REDACTED:6b86b273ff34],https://api.nobelprize.org/2.1/laureate/1037,[REDACTED:5feceb66ffc8],request.path.segment[3],[REDACTED:6b86b273ff34],str,CONFIRMED,"Recorded documented API action intent and exact request slot; {""value"": ""1037"", ""source_step"": 0, ""source_url"": ""https://api.nobelprize.org/2.1/nobelPrizes?nobelPrizeYear=2024&nobelPrizeCategory=phy&limit=1"", ""source_response_path"": [""nobelPrizes"", 0, ""laureates"", 0, ""id""], ""selected_dict_key_index"": null, ""known_transform"": ""identity"", ""consumer_spelling"": ""1037"", ""classification"": ""SELECTED_EXISTING_DATA"", ""reason"": ""Explicit documented read-workflow selection from the preceding real response; existing catalog identity, except explicitly issued session token.""}"
REAL100-003,REAL100-003:action:7:projectTitle,USER_INPUT,7,projectTitle,REAL100 Release Approval,126,/api/v2/projects,126,request.body:CAPTURE_NOT_AVAILABLE,126,str,CAPTURE_LIMITED,"Recorded native user input and successful created-object response; Chromium HAR omitted outbound body, so exact request slot and parameter binding cannot be assessed."
REAL100-016,REAL100-016:action:6:task-add-textarea-ynh1te2o0,USER_INPUT,6,task-add-textarea-ynh1te2o0,REAL100 Prepare release approval evidence,127,/api/v2/projects/1/tasks/bulk,127,request.body:CAPTURE_NOT_AVAILABLE,127,str,CAPTURE_LIMITED,"Recorded native user input and successful created-object response; Chromium HAR omitted outbound body, so exact request slot and parameter binding cannot be assessed."
REAL100-017,REAL100-017:action:7:labelTitle,USER_INPUT,7,labelTitle,REAL100 Approval Required,126,/api/v2/labels,126,request.body:CAPTURE_NOT_AVAILABLE,126,str,CAPTURE_LIMITED,"Recorded native user input and successful created-object response; Chromium HAR omitted outbound body, so exact request slot and parameter binding cannot be assessed."
REAL100-018,REAL100-018:action:7:teamName,USER_INPUT,7,teamName,REAL100 Release Committee,128,/api/v2/teams,128,request.body:CAPTURE_NOT_AVAILABLE,128,str,CAPTURE_LIMITED,"Recorded native user input and successful created-object response; Chromium HAR omitted outbound body, so exact request slot and parameter binding cannot be assessed."
